/*
Navicat MySQL Data Transfer

Source Server         : sss
Source Server Version : 50106
Source Host           : localhost:3306
Source Database       : filmsystem

Target Server Type    : MYSQL
Target Server Version : 50106
File Encoding         : 65001

Date: 2018-05-20 14:57:03
*/

SET FOREIGN_KEY_CHECKS=0;

-- ----------------------------
-- Table structure for account
-- ----------------------------
DROP TABLE IF EXISTS `account`;
CREATE TABLE `account` (
  `id` varchar(64) NOT NULL,
  `account` varchar(64) NOT NULL COMMENT '昵称',
  `username` varchar(64) NOT NULL COMMENT '登录名',
  `pwd` varchar(64) NOT NULL COMMENT '密码',
  `truename` varchar(64) default NULL COMMENT '姓名',
  `email` varchar(255) default NULL COMMENT '邮箱',
  `phone` varchar(30) default NULL COMMENT '手机号',
  `photo` varchar(1000) default NULL COMMENT '头像',
  `sex` char(1) default NULL COMMENT '性别(''0'':男 ''1'':女)',
  `birthday` date default NULL COMMENT '出生日期',
  `security_question` varchar(255) default NULL COMMENT '密保问题',
  `security_answer` varchar(1000) default NULL COMMENT '密保答案',
  `roleid` varchar(64) default NULL COMMENT '角色id',
  `is_member` char(1) default '1' COMMENT '是否是会员(''0'':是 ''1'':否)',
  `integral` decimal(10,0) default '0' COMMENT '积分',
  `last_login` datetime default NULL COMMENT '上次登录时间',
  `login_date` datetime default NULL COMMENT '本次登录时间',
  `create_by` varchar(64) default NULL COMMENT '创建人',
  `create_date` datetime default NULL COMMENT '创建日期',
  `update_by` varchar(64) default NULL COMMENT '修改人',
  `update_date` datetime default NULL COMMENT '修改日期',
  `remarks` varchar(255) default NULL COMMENT '备注',
  `del_flag` char(1) NOT NULL default '0' COMMENT '作废标记',
  PRIMARY KEY  (`id`)
) ENGINE=InnoDB DEFAULT CHARSET=utf8;

-- ----------------------------
-- Records of account
-- ----------------------------
INSERT INTO `account` VALUES ('0825ad6d447c4e508b2ab69d69e09a20', 'www', 'www', 'A01588751BD98798DCE183BFCAF23FC5', null, null, '15645362346', 'images/user2.jpg', null, null, null, null, '1', '1', '2000', null, '2018-05-04 17:12:59', 'www', '2018-05-04 17:12:59', 'super', '2018-05-06 13:09:34', 'www222', '1');
INSERT INTO `account` VALUES ('58c6804b0e924724a40f8f416f5f8a35', 'yyy', 'yyy', 'C5777C091DF772FF2B2DFFCB43D9794C', 'yyy', '55@qq.com', '18652356892', 'images/headImg2.jpg', '1', '2018-02-01', '最喜欢的人', '666', '1', '0', '2500', '2018-05-06 14:06:47', '2018-05-09 14:39:19', 'yyy', '2018-05-06 14:06:47', 'yyy', '2018-05-09 14:43:22', 'yyyyy', '0');
INSERT INTO `account` VALUES ('5a1b73e07a244bdcbf1334d4f5b032dd', 'admin', 'admin', '21232F297A57A5A743894A0E4A801FC3', null, null, '18952234567', 'images/user2.jpg', null, null, null, null, '2', '1', '0', '2018-05-16 14:08:36', '2018-05-18 16:14:26', 'admin', '2018-05-04 16:11:28', null, null, 'admin', '0');
INSERT INTO `account` VALUES ('8d80fbdb176b4bd49e8ddd41ea211b08', 'w', 'w', 'AD57484016654DA87125DB86F4227EA3', null, null, '12312311111', 'images/headImg2.jpg', null, null, null, null, '2', '1', '0', '2018-05-04 12:59:59', '2018-05-04 16:00:22', 'w', '2018-04-23 13:29:42', null, null, 'ww', '0');
INSERT INTO `account` VALUES ('b906d65654614b97836b6ca7d64d33cf', 'rr', 'rrr', '6B76B5B54567EC0008287D11A2E9E22A', 'rrr', 'rrr@qq.vom', '15242156325', 'images/headImg2.jpg', '1', '2018-05-03', '最喜欢的人', 'ffff', '1', '0', '5500', '2018-05-09 14:49:53', '2018-05-09 14:54:02', 'rrr', '2018-05-09 14:49:53', 'rrr', '2018-05-09 14:54:19', 'rrrrr', '0');
INSERT INTO `account` VALUES ('bfd21c2aae13435cb06f9145fcd24cce', 'super', 'super', '1B3231655CEBB7A1F783EDDF27D254CA', null, null, '18361337986', 'images/headImg3.jpg', null, null, null, null, '3', '1', '0', '2018-05-18 19:41:41', '2018-05-18 19:43:00', 'super', '2018-05-04 16:07:38', null, null, 'super', '0');
INSERT INTO `account` VALUES ('db6f7be611be466081dd07eaee372427', 'hhh', 'hhh', 'A3ACA2964E72000EEA4C56CB341002A4', 'hhh', '243950661@qq.com', '12312311111', 'images/headImg1.jpg', '1', null, null, null, '1', '0', '4800', '2018-05-13 13:37:12', '2018-05-16 14:08:20', 'hhh', '2018-04-12 16:04:42', null, '2018-05-09 14:25:20', 'hhh', '0');
INSERT INTO `account` VALUES ('dd8320baa27f4e91ba0f13c8512b594b', 'qqq', 'qqq', '343B1C4A3EA721B2D640FC8700DB0F36', 'qqq', '243950661@qq.com', '18632586595', 'images/headImg2.jpg', '1', '2009-02-05', '最喜欢的人', '等待', '1', '0', '5500', '2018-05-18 19:41:52', '2018-05-18 19:43:30', 'qqq', '2018-05-13 13:56:21', 'qqq', '2018-05-13 14:05:34', 'qqqqq', '0');
INSERT INTO `account` VALUES ('fb2bfc8990f04b6eb2dcf3a593fc78a3', 'admin', 'zss', '666666', '张珊珊', '2341122@qq.com', '12398742312', 'images/user2.jpg', '1', '2012-02-07', null, null, '2', '1', '0', null, null, 'super', null, null, '2018-05-06 13:57:32', 'zsszss', '0');

-- ----------------------------
-- Table structure for apply_arrange
-- ----------------------------
DROP TABLE IF EXISTS `apply_arrange`;
CREATE TABLE `apply_arrange` (
  `id` varchar(64) NOT NULL,
  `film_id` int(11) default NULL COMMENT '影片id',
  `apply_time` date default NULL COMMENT '申请观影日期',
  `review_status` char(1) default '1' COMMENT '审核状态 1:正在审核  0:审核通过  2:审核失败',
  `create_by` varchar(64) default NULL,
  `create_date` datetime default NULL,
  `update_by` varchar(64) default NULL,
  `update_date` datetime default NULL,
  `remarks` varchar(255) default NULL,
  `del_flag` char(1) default '0' COMMENT '作废标记',
  PRIMARY KEY  (`id`)
) ENGINE=InnoDB DEFAULT CHARSET=utf8;

-- ----------------------------
-- Records of apply_arrange
-- ----------------------------

-- ----------------------------
-- Table structure for collect
-- ----------------------------
DROP TABLE IF EXISTS `collect`;
CREATE TABLE `collect` (
  `id` varchar(64) NOT NULL,
  `film_id` int(11) default NULL COMMENT '影片id',
  `collect_people` varchar(255) default NULL COMMENT '收藏者id',
  `collect_time` datetime default NULL COMMENT '收藏时间',
  `del_flag` char(1) NOT NULL default '0' COMMENT '作废标记',
  PRIMARY KEY  (`id`)
) ENGINE=InnoDB DEFAULT CHARSET=utf8;

-- ----------------------------
-- Records of collect
-- ----------------------------
INSERT INTO `collect` VALUES ('287fe73614074eb7bcfd4ba45b615d01', '296', 'dd8320baa27f4e91ba0f13c8512b594b', '2018-05-18 19:34:06', '0');
INSERT INTO `collect` VALUES ('2c5311754f00406b97d715468c7ced9d', '500', 'db6f7be611be466081dd07eaee372427', '2018-05-05 11:13:16', '0');
INSERT INTO `collect` VALUES ('3be17a1e5a924ef6b3309d474b50ec05', '522', 'db6f7be611be466081dd07eaee372427', '2018-05-10 14:32:06', '0');
INSERT INTO `collect` VALUES ('4ba4835b82da4bcc92914db3564012c9', '520', 'dd8320baa27f4e91ba0f13c8512b594b', '2018-05-13 17:33:11', '0');
INSERT INTO `collect` VALUES ('8fb4619fe147445c9aae5cc05277b8a1', '499', 'dd8320baa27f4e91ba0f13c8512b594b', '2018-05-18 18:17:01', '0');
INSERT INTO `collect` VALUES ('914405088d5f49e99f8cabe2a364d5b4', '501', 'db6f7be611be466081dd07eaee372427', '2018-05-05 11:05:12', '0');
INSERT INTO `collect` VALUES ('fa008f86661d43e4b6509a4167e076f0', '500', 'dd8320baa27f4e91ba0f13c8512b594b', '2018-05-18 18:00:48', '0');

-- ----------------------------
-- Table structure for coupon
-- ----------------------------
DROP TABLE IF EXISTS `coupon`;
CREATE TABLE `coupon` (
  `id` varchar(64) NOT NULL COMMENT 'id',
  `coupon_name` varchar(255) NOT NULL COMMENT '优惠券名称',
  `coupon_price` decimal(10,2) NOT NULL COMMENT '优惠金额',
  `type` char(1) default NULL COMMENT '优惠券类型 ''0'':通用  ''1'':专用',
  `film_id` int(11) default '0' COMMENT '影片id 如果为通用优惠，为0',
  `create_by` varchar(64) default NULL COMMENT '创建人',
  `create_date` datetime default NULL COMMENT '创建日期',
  `update_by` varchar(64) default NULL COMMENT '修改人',
  `update_date` datetime default NULL COMMENT '修改日期',
  `remarks` varchar(255) default NULL COMMENT '备注',
  `del_flag` char(1) NOT NULL default '0' COMMENT '作废标记',
  PRIMARY KEY  (`id`)
) ENGINE=InnoDB DEFAULT CHARSET=utf8;

-- ----------------------------
-- Records of coupon
-- ----------------------------
INSERT INTO `coupon` VALUES ('029c8be4fc8148dccs512er4345f8357a', '今日特价优惠', '5.00', '0', null, null, null, null, null, null, '1');
INSERT INTO `coupon` VALUES ('231033576ac6499882a7e6628a220049', '特价优惠', '14.00', '1', '0', null, '2018-04-20 15:27:03', null, null, null, '1');
INSERT INTO `coupon` VALUES ('318563c6106641e792270f3ed6febfc9', '特价优惠', '15.00', '1', '337', null, '2018-04-20 15:38:13', null, null, null, '1');
INSERT INTO `coupon` VALUES ('31d1a40aa5674bbf8fc2031b89f10814', '特价优惠', '42.00', '1', '321', null, '2018-04-20 16:33:46', null, null, null, '0');
INSERT INTO `coupon` VALUES ('34981f371d284163a1be2f7bbf641270', '优惠特价', '15.00', '1', '520', null, '2018-05-10 14:34:24', null, null, null, '0');
INSERT INTO `coupon` VALUES ('6a58e702c9484c7db3e6c1e95c8fe38b', '特价优惠', '12.00', '1', '337', null, '2018-04-20 15:38:01', null, null, null, '1');
INSERT INTO `coupon` VALUES ('74e7a361f5ff4e978ca20b4ddfa3d3e1', '特价优惠', '15.00', '1', '327', null, '2018-04-20 15:25:45', null, null, null, '1');
INSERT INTO `coupon` VALUES ('79fd491521694596a62b847c85e4ae29', '特价优惠', '17.00', '1', '327', null, '2018-04-20 15:26:07', null, null, null, '1');
INSERT INTO `coupon` VALUES ('8484aa75b53444d3bd4f7187ed87068a', '特价优惠', '12.00', '1', '294', null, '2018-04-20 16:33:55', null, null, null, '1');
INSERT INTO `coupon` VALUES ('9589dca70a254e9ea0614ed6de66a088', '特价优惠', '12.00', '1', '334', null, '2018-04-20 15:29:58', 'w', '2018-04-20 16:28:27', null, '0');
INSERT INTO `coupon` VALUES ('9dd34c1483af468ab8ce45c60d7bf1e0', '优惠', '16.00', '1', '294', null, '2018-05-11 13:00:54', null, null, null, '0');
INSERT INTO `coupon` VALUES ('a0c9f553265340a785e54b7d1d824342', '特价优惠', '23.00', '0', null, null, '2018-04-20 16:32:59', 'super', '2018-05-10 14:35:07', null, '0');
INSERT INTO `coupon` VALUES ('a2543aabd04640bb884a95a631c0def7', '特价优惠', '15.00', '1', '337', null, '2018-04-20 15:40:35', null, null, null, '1');
INSERT INTO `coupon` VALUES ('aa5249cb6c9948efa38c1bb17ce98b31', '特价优惠', '12.00', '0', null, null, '2018-04-20 15:25:29', 'w', '2018-04-20 16:32:42', null, '1');
INSERT INTO `coupon` VALUES ('b1bc2620e3f14d099a758c42f15a1a2d', '特价优惠', '16.00', '1', '337', null, '2018-04-20 15:39:15', null, null, null, '1');
INSERT INTO `coupon` VALUES ('ceb359601437431f8721f26283dbb115', '特价优惠', '44.00', '1', '436', null, '2018-04-20 16:33:36', null, null, null, '0');
INSERT INTO `coupon` VALUES ('d6f211f01eb740a69dceae5bf10ef08c', '特价优惠', '23.00', '1', '328', null, '2018-04-20 16:34:05', null, null, null, '1');
INSERT INTO `coupon` VALUES ('d9e5c4b5202e4a7db88627eb0a17c35b', '优惠', '12.00', '1', '329', null, '2018-05-15 17:15:19', null, null, null, '0');
INSERT INTO `coupon` VALUES ('e838fdbf7a8f4eaf877f207f8057ca55', '特价优惠', '13.00', '1', '333', null, '2018-04-20 15:28:36', null, null, null, '1');
INSERT INTO `coupon` VALUES ('e88340adf7d04778aa321aa63c102e7e', '特价优惠', '12.00', '1', '332', null, '2018-04-20 15:27:49', null, null, null, '1');
INSERT INTO `coupon` VALUES ('f48009f86b43443083e32a8c3e21bef8', '特价优惠', '13.00', '1', '294', null, '2018-05-11 13:00:30', null, null, null, '1');
INSERT INTO `coupon` VALUES ('f8183bfac3674cd386b4d6842302c41e', '特价优惠', '12.00', '1', '327', null, '2018-04-20 16:33:11', null, null, null, '0');

-- ----------------------------
-- Table structure for evaluate
-- ----------------------------
DROP TABLE IF EXISTS `evaluate`;
CREATE TABLE `evaluate` (
  `id` varchar(64) NOT NULL,
  `film_id` int(11) default NULL COMMENT '电影id',
  `evaluate_people` varchar(64) default NULL COMMENT '评论人id',
  `content` varchar(1000) default NULL COMMENT '评论内容',
  `review_status` char(1) default '1' COMMENT '审核状态  0:审核通过  1:正在审核  2.审核失败',
  `likes` decimal(11,0) default '0' COMMENT '点赞数',
  `create_date` datetime default NULL COMMENT '创建时间',
  `update_by` varchar(64) default NULL COMMENT '修改人',
  `update_date` datetime default NULL COMMENT '修改日期',
  `remarks` varchar(255) default NULL COMMENT '备注',
  `del_flag` char(1) NOT NULL default '0' COMMENT '作废标记',
  PRIMARY KEY  (`id`)
) ENGINE=InnoDB DEFAULT CHARSET=utf8;

-- ----------------------------
-- Records of evaluate
-- ----------------------------
INSERT INTO `evaluate` VALUES ('037adc5ec6c1436997f33d1be13d4f10', '494', 'db6f7be611be466081dd07eaee372427', '挺不错的电影', '1', '14', '2018-05-05 10:55:31', null, null, null, '0');
INSERT INTO `evaluate` VALUES ('03a8140f06154bafb027785fe2d85c06', '494', 'db6f7be611be466081dd07eaee372427', '哈哈哈哈恍恍惚惚', '0', '9', '2018-05-05 10:56:59', 'admin', '2018-05-05 14:27:23', '', '0');
INSERT INTO `evaluate` VALUES ('2527dacea5e84e5695f62a826206b429', '494', 'db6f7be611be466081dd07eaee372427', '哈哈 超喜欢', '2', '0', '2018-05-05 10:56:32', 'admin', '2018-05-05 14:41:08', '言论不正当', '0');
INSERT INTO `evaluate` VALUES ('46ea07df0dcb4a4c9329662d99b69643', '501', 'dd8320baa27f4e91ba0f13c8512b594b', '哈哈哈，很好看的！！', '1', '11', '2018-05-16 13:39:56', null, null, null, '0');
INSERT INTO `evaluate` VALUES ('60be4608f603479e987cc71c0082cab5', '494', 'db6f7be611be466081dd07eaee372427', '6666666', '1', '0', '2018-05-05 10:56:22', null, null, null, '0');
INSERT INTO `evaluate` VALUES ('a35a022897844f4db665249890a0fe5b', '501', '0825ad6d447c4e508b2ab69d69e09a20', '哈哈哈，真的不错！！！', '0', '13', '2018-05-04 17:16:07', 'admin', '2018-05-05 11:18:26', null, '0');
INSERT INTO `evaluate` VALUES ('be822c4f42fa4941b9175ce89beb30b9', '501', '0825ad6d447c4e508b2ab69d69e09a20', '真心不错，强烈推荐！！！', '0', '28', '2018-05-04 17:16:29', 'admin', '2018-05-05 11:18:15', null, '0');
INSERT INTO `evaluate` VALUES ('e4602c3215f24e0d802d13d2009ee72a', '501', 'dd8320baa27f4e91ba0f13c8512b594b', '垃圾影片，不要看', '2', '0', '2018-05-16 13:49:51', 'admin', '2018-05-16 14:15:12', '言论不当', '0');
INSERT INTO `evaluate` VALUES ('f09c982753da46e3a97d181d5e347b8c', '494', 'db6f7be611be466081dd07eaee372427', '55555555555555', '0', '0', '2018-05-05 10:56:39', 'admin', '2018-05-05 14:42:31', '', '0');
INSERT INTO `evaluate` VALUES ('f1db17146232425e96aa2630caa9ad04', '494', 'db6f7be611be466081dd07eaee372427', 'amazing!!!!111', '1', '7', '2018-05-05 10:56:10', null, null, null, '0');

-- ----------------------------
-- Table structure for fight_ticket
-- ----------------------------
DROP TABLE IF EXISTS `fight_ticket`;
CREATE TABLE `fight_ticket` (
  `id` varchar(64) NOT NULL,
  `before_order` varchar(64) default NULL COMMENT '上一个订单号',
  `fight_people` varchar(64) default NULL COMMENT '拼单发起人',
  `film_id` int(11) default NULL COMMENT '电影id',
  `arrange_id` varchar(64) default NULL COMMENT '影院安排id',
  `seat_ids` varchar(2000) default NULL COMMENT '座位集合',
  `type` char(1) default NULL COMMENT '订单类型  1:申请拼单  2.申请参加拼单 3.申请取消拼单 4.申请取消参加拼单 ',
  `fight_status` char(1) default NULL COMMENT '发起状态  0:取消  1:发起 2:达到指定人数',
  `price` decimal(10,2) default NULL COMMENT '实付钱数',
  `original_price` decimal(10,2) default NULL COMMENT '原价',
  `ticket_count` decimal(10,0) default NULL COMMENT '票数',
  `usedScore` decimal(10,0) default NULL COMMENT '使用分数',
  `favorable` varchar(255) default NULL COMMENT '优惠信息',
  `pay_status` char(1) default NULL COMMENT '支付状态 1:未支付 0:已支付  2:已退款',
  `review_status` char(1) default NULL COMMENT '审核状态 0.审核通过  1.正在审核  3.未通过审核 ',
  `final_type` char(1) default NULL COMMENT '最终状态  1:拼单失败  2:拼单成功',
  `watch_status` char(1) default '1' COMMENT '观看状态 1：待观看 2：已观看',
  `watch_code` varchar(1000) default NULL COMMENT '观影码',
  `create_by` varchar(64) default NULL,
  `create_date` datetime default NULL,
  `update_by` varchar(64) default NULL,
  `update_date` datetime default NULL,
  `remarks` varchar(255) default NULL COMMENT '备注',
  `del_flag` char(1) NOT NULL default '0' COMMENT '作废标记',
  PRIMARY KEY  (`id`)
) ENGINE=InnoDB DEFAULT CHARSET=utf8;

-- ----------------------------
-- Records of fight_ticket
-- ----------------------------

-- ----------------------------
-- Table structure for film_detail
-- ----------------------------
DROP TABLE IF EXISTS `film_detail`;
CREATE TABLE `film_detail` (
  `id` int(11) NOT NULL auto_increment,
  `release_year` varchar(20) default NULL COMMENT '上映年份',
  `picture` varchar(1000) default NULL COMMENT '图片',
  `giant_screen` varchar(1000) default NULL COMMENT '巨幕',
  `title` varchar(100) NOT NULL COMMENT '片名',
  `direct` varchar(100) NOT NULL COMMENT '导演',
  `screenwriter` varchar(100) default NULL COMMENT '编剧',
  `leading_role` varchar(1000) default NULL COMMENT '主演',
  `type` varchar(100) NOT NULL COMMENT '类型',
  `filmmaking_state` varchar(100) default NULL COMMENT '制片国家/地区',
  `language` varchar(100) default NULL COMMENT '语言',
  `release_date` varchar(100) default NULL COMMENT '上映日期',
  `film_length` varchar(100) default NULL COMMENT '片长',
  `alternate_name` varchar(1000) default NULL COMMENT '又名',
  `brief` varchar(1000) default NULL COMMENT '影片简介',
  `score` decimal(3,1) default '0.0' COMMENT '豆瓣评分',
  `evaluation_number` decimal(20,0) NOT NULL COMMENT '评价人数',
  `price` decimal(10,2) default NULL COMMENT '价格',
  `sales` decimal(10,0) default '0' COMMENT '销量',
  `create_by` varchar(64) default NULL COMMENT '创建人',
  `create_date` datetime default NULL COMMENT '创建日期',
  `update_by` varchar(64) default NULL COMMENT '修改人',
  `update_date` datetime default NULL COMMENT '修改日期',
  `remarks` varchar(255) default NULL COMMENT '备注',
  `del_flag` char(1) NOT NULL default '0' COMMENT '作废标记',
  PRIMARY KEY  (`id`)
) ENGINE=InnoDB DEFAULT CHARSET=utf8;

-- ----------------------------
-- Records of film_detail
-- ----------------------------
INSERT INTO `film_detail` VALUES ('294', '2018', 'https://img3.doubanio.com/view/photo/s_ratio_poster/public/p2508925590.jpg', 'images/shenmijuxing.webp', '神秘巨星', '阿德瓦·香登', '阿德瓦·香登', '塞伊拉·沃西/梅·维贾/阿米尔·汗/拉杰·阿晶/提斯·沙马/卡比尔·谢赫/法如克·贾法尔/马努杰·沙玛/莫娜·安伯加卡尔/尼基塔·阿南德/尚/莫纳利·塔库尔', '1, 11', '印度', '印地语/英语', '2018-01-19', '150分钟', '秘密巨星/隐藏的大明星(台)/打死不离歌星梦(港)/सीक्रेटसुपरस्टार', '　　少女伊西亚（塞伊拉·沃西 Zaira Wasim 饰）拥有着一副天生的好嗓子，对唱歌充满了热爱的她做梦都想成为一名歌星。然而，伊西亚生活在一个不自由的家庭之中，母亲娜吉玛（梅·维贾 Meher Vij 饰）常常遭到性格爆裂独断专横的父亲法鲁克（拉杰·阿晶 Raj Arjun 饰）的拳脚相向，伊西亚知道，想让父亲支持自己的音乐梦想是完全不可能的事情。 　　某日，母亲卖掉了金项链给伊西亚买了一台电脑，很快，伊西亚便发现，虽然无法再现实里实现梦想，但是网络中存在着更广阔的舞台。伊西亚录制了一段蒙着脸自弹自唱的视屏上传到了优兔网上，没想到收获了异常热烈的反响，著名音乐人夏克提（阿米尔·汗 Aamir Khan 饰）亦向她抛出了橄榄枝。 ©豆瓣', '7.8', '189870', '13.00', '34', null, null, 'super', '2018-05-09 16:56:39', null, '0');
INSERT INTO `film_detail` VALUES ('296', '2017', 'https://img3.doubanio.com/view/photo/s_ratio_poster/public/p2507227732.jpg', 'images/fanghua.webp', '芳华', '冯小刚', '严歌苓', '黄轩/苗苗/钟楚曦/杨采钰/李晓峰/王天辰/王可如/隋源/张仁博/苏岩/张国立/赵立新', '1, 24, 12', '中国大陆', '汉语普通话', '2017-12-15', '136分钟/146分钟(多伦多电影节)', '歌声离我远去/Youth', '　　故事发生在上世纪七十年代，寄人篱下的少女何小萍（苗苗 饰）经过重重试炼终于加入了梦寐以求的文工团，哪知道这里和她曾经待过的那些地方并无不同，她依然得忍受遭人唾弃和欺侮的生活。唯一给过她温暖的，是刘峰（黄轩 饰），不仅仅是对何小萍，被称为“活雷锋”的刘峰把自己的爱情和温暖无私的奉献给每一个人。 　　实际上，刘峰一直爱慕着美丽活泼的林丁丁（杨采钰 饰），当他选择将这份感情勇敢的表达出来时，却让自己的人生走向了完全不同的方向。战争开始了，刘峰、何小萍和萧穗子前赴后继的走上了前线，在枪弹和炮火之中，每一个人都在用生命和热血绽放着属于他们的芳华。 ©豆瓣', '7.8', '395816', '32.00', '553', null, null, 'super', '2018-05-09 16:56:38', null, '0');
INSERT INTO `film_detail` VALUES ('305', '2017', 'https://img1.doubanio.com/view/photo/s_ratio_poster/public/p2507024497.jpg', 'images/yaomaozhuan.webp', '妖猫传', '陈凯歌', '王蕙玲/陈凯歌/梦枕貘', '黄轩/染谷将太/张雨绮/秦昊/张榕容/刘昊然/欧豪/张鲁一/阿部宽/田雨/刘佩琦/辛柏青/成泰燊/李淳/秦怡/松坂庆子/张天爱/周中和/火野正平/夏楠/陈旭/王迪/宋运成/刘国华', '1, 6, 18, 19', '中国大陆/日本', '汉语普通话/日语', '2017-12-22', '129分钟(中国大陆)/132分钟(日本)', '沙门空海/沙门空海之大唐鬼宴/大唐鬼宴/空海/空海KU-KAI美しき王妃の謎/沙門空海唐の国にて鬼と宴す/LegendoftheDemonCat', '　　故事发生在盛唐时期的长安城，白乐天（黄轩 饰）本是朝廷要官，却为了收集写诗的素材而甘愿被贬为起居郎。长安城内连连发生离奇的死亡事件，就连当今圣上也难逃厄运离奇身亡，这一切都和一只神出鬼没的妖猫有关。日本僧人空海（染谷将太 饰）本为了替皇帝解咒远渡重洋而来，却和白乐天意气相投，两人决心携手调查案件真相。 　　一首如怨如诉的《清平调》表明，妖猫作祟和三十年前倾国倾城的杨贵妃（张榕容 饰）之死有着千丝万缕的关联，追寻着曾经迷恋杨贵妃的阿部仲麻吕（阿部宽 饰）所留下的日记，白乐天和空海一同见证了大唐曾经的荣光，亦揭开了当年隐瞒至今的阴谋。 ©豆瓣', '7.0', '345170', '54.00', '22', null, null, 'super', '2018-05-09 16:56:39', null, '0');
INSERT INTO `film_detail` VALUES ('320', '2018', 'https://img3.doubanio.com/view/photo/s_ratio_poster/public/p2516019105.jpg', null, '湮灭', '亚历克斯·加兰', '亚历克斯·加兰/杰夫·梵德米尔', '娜塔莉·波特曼/詹妮弗·杰森·李/奥斯卡·伊萨克/吉娜·罗德里格兹/泰莎·汤普森/水野索诺娅/大卫·吉雅西/图娃·诺沃妮/本尼迪克特·王/约翰·施瓦布/萨米·海曼/乔希·丹福德/克里斯汀·麦加里蒂', '8, 6, 7', '美国/英国', '英语', '2018-02-23', '115分钟', '灭。境(港)/灭绝(台)/遗落的南境1：湮灭', '　　莉娜（娜塔莉·波特曼 Natalie Portman 饰）是一名生物学家，一年前，她的丈夫凯恩（奥斯卡·伊萨克 Oscar Isaac 饰）在参加一项秘密任务后神秘失踪，这一年间，莉娜一直生活在悲伤之中。某天，失忆的凯恩忽然出现在了莉娜的面前，之后晕倒被送入了医院。在那里，莉娜遇见了文崔斯博士（詹妮弗·杰森·李 Jennifer Jason Leigh 饰）。 　　博士告诉莉娜，凯恩被派往了一块被“闪光”笼罩的未知区域，三年间，无数的队伍被派往区域内进行勘探，只有凯恩一人活着回来了。不仅如此，“闪光”正在不断的扩大。为了查明事情的真相，莉娜自愿加入了下一批被派遣的队伍之中，和她一同前往的，除了文崔斯博士外，还有安雅（吉娜·罗德里格兹 Gina Rodriguez 饰）和乔茜（泰莎·汤普森 Tessa Thompson 饰）。 ©豆瓣', '7.3', '25752', '43.44', '112', null, null, 'super', '2018-05-09 16:56:36', null, '0');
INSERT INTO `film_detail` VALUES ('321', '2017', 'https://img3.doubanio.com/view/photo/s_ratio_poster/public/p2504277551.jpg', null, '至暗时刻', '乔·赖特', '安东尼·麦卡滕', '加里·奥德曼/克里斯汀·斯科特·托马斯/莉莉·詹姆斯/本·门德尔森/斯蒂芬·迪兰/萨缪尔·韦斯特/汉娜·斯蒂尔/罗纳德·皮卡普/乔丹·沃勒/理查德·拉姆斯登/安娜·伯内特/尼古拉斯·琼斯/查理·帕尔默·罗斯韦尔/布赖恩·佩蒂福/菲利普·马丁·布朗/安杰莉克·琼/希尔顿·麦克雷/詹姆斯·伊莱斯/杰瑞米·查亚德/马汀·麦格/迈克尔·海登/迈克尔·博特', '1, 15, 24', '英国/美国', '英语', '2017-12-01', '125分钟', '最黑暗的时刻(台)/黑暗对峙(港)/至暗之时/黑暗时刻', '　　影片讲述英国首相丘吉尔在作为首相期间面临的最重要的审判：是向纳粹妥协做俘虏，还是团结人民群起反抗？丘吉尔将集结整个国家为自由奋战，试图改变世界历史进程，度过黎明前的黑暗。', '8.6', '113323', '34.00', '123', null, null, 'super', '2018-05-09 16:56:37', null, '0');
INSERT INTO `film_detail` VALUES ('322', '2017', 'https://img1.doubanio.com/view/photo/s_ratio_poster/public/p2503127267.jpg', null, '老师！我可以喜欢你吗？', '三木孝浩', '河原和音/冈田磨里', '生田斗真/广濑铃/龙星凉/森川葵/健太郎/中村伦也/比嘉爱未', '1, 5', '日本', '日语', '2017-10-28', '113分钟', '老师！、、、我可以喜欢你吗？(港)/先生！我可以喜欢你吗(台)', '　　响受朋友小惠之托，将情书放入关矢老师的鞋箱，但却误放到伊藤老师的鞋箱里…一次的阴错阳差，造成一段师生恋…。', '6.3', '1286', '0.00', '567', null, null, 'super', '2018-05-09 16:56:41', null, '1');
INSERT INTO `film_detail` VALUES ('323', '2017', 'https://img3.doubanio.com/view/photo/s_ratio_poster/public/p2492908705.jpg', null, '散步的侵略者', '黑泽清', '黑泽清/田中幸子/前川知大', '长泽雅美/松田龙平/高杉真宙/恒松祐里/长谷川博己/前田敦子/满岛真之介/光石研/东出昌大/小泉今日子', '1, 8', '日本', '日语', '2017-05-21', '129分钟', 'BeforeWeVanish', '　　该片根据前川知大2005年的舞台剧改编，讲述男子(松田龙平饰)突然失踪，致使其妻(长泽雅美饰)备受打击。尔后他意外归家，但举止古怪的他令人疑惑。于此同时，小镇另一边发生了一家惨死事件。', '6.1', '1164', '99.00', '213', null, null, 'w', '2018-04-16 14:22:51', null, '0');
INSERT INTO `film_detail` VALUES ('324', '2017', 'https://img3.doubanio.com/view/photo/s_ratio_poster/public/p2459425740.jpg', null, '热血街区电影版2：天空尽头', '久保茂昭', '平沼纪久', '岩田刚典/登坂广臣/TAKAHIRO/黑木启司/洼田正孝/山田裕贵/林遣都/小林直己/Mandy', '2', '日本', '日语', '2017-08-19', '124分钟', '', null, '6.5', '415', '99.00', null, null, null, null, null, null, '1');
INSERT INTO `film_detail` VALUES ('325', '2017', 'https://img1.doubanio.com/view/photo/s_ratio_poster/public/p2508926717.jpg', null, '前任3：再见前任', '田羽生', '田羽生/游非/大宽/大广', '韩庚/郑恺/于文文/曾梦雪/罗米', '17, 5', '中国大陆', '汉语普通话', '2017-12-29', '120分钟', '前任3/前任攻略3/前任3：颜值大作战/TheEx-File:TheReturnoftheExes', '　　一对好基友孟云（韩庚 饰）和余飞（郑恺 饰）跟女友都因为一点小事宣告分手，并且“拒绝挽回，死不认错”。两人在夜店、派对与交友软件上放飞人生第二春，大肆庆祝“黄金单身期”，从而引发了一系列好笑的故事。孟云与女友同甘共苦却难逃“五年之痒”，余飞与女友则棋逢敌手相爱相杀无绝期。然而现实的“打脸”却来得猝不及防：一对推拉纠结零往来，一对纠缠互怼全交代。两对恋人都将面对最终的选择：是再次相见？还是再也不见？', '5.6', '174303', '99.00', null, null, null, 'super', '2018-05-09 16:56:37', null, '0');
INSERT INTO `film_detail` VALUES ('326', '2017', 'https://img3.doubanio.com/view/photo/s_ratio_poster/public/p2505928032.jpg', null, '大佛普拉斯', '黄信尧', '黄信尧', '陈竹昇/庄益增/戴立忍/纳豆/张少怀/丁国琳/雷婕熙/林美秀/陈以文/郑宇彤/梁赫群/游安顺/李永丰/朱约信/小亮哥/脱线', '1, 17', '台湾', '闽南语/汉语普通话', '2017-06-29', '102分钟', 'TheGreatBuddha+', '　　菜埔（庄益增 饰）是一家雕塑厂的夜间保安，家中有一位重病的老母亲需要照顾。肚财（陈竹昇 饰）是菜埔唯一的朋友，菜埔经常在值夜班的时候把肚财叫过来和他作伴。一天，两人突发奇想决定看一看菜埔的老板黄启文（戴立忍 饰）的行车记录仪里记录了哪些影像，希望向来风流的老板能够贡献出一些精彩的片段以解两个独身男人内心里的寂寞之苦。 　　行车记录仪所记录的影像果然没有让菜埔和肚财失望，但与此同时，两人也发现了黄启文的许多不可告人的秘密。实际上，菜埔和肚财的一举一动皆没有逃过黄启文的眼睛，为了保住自己的地位和名声，他决定采取一些必要的行动。 ©豆瓣', '8.6', '31094', '99.00', null, null, null, 'super', '2018-05-09 16:56:36', null, '0');
INSERT INTO `film_detail` VALUES ('327', '2017', 'https://img1.doubanio.com/view/photo/s_ratio_poster/public/p2500130777.jpg', null, '与神同行', '金容华', '金容华', '河正宇/车太贤/朱智勋/金香起/金东旭/艺秀晶/李政宰/吴达洙/林元熙/都暻秀/张光/郑海钧/金荷娜/金海淑/金秀安/马东锡', '1, 18', '韩国', '韩语', '2017-12-20', '139分钟', '与神一起/与神同在/和神一起/与神同行：罪与罚/AlongWiththeGods:TheTwoWorlds/AlongWithGod', '　　阴间有法，所有亡者在死后的49天内都要经过七次审判——分别在杀人狱、懒惰狱、欺骗狱、不义狱、背叛狱、暴力狱、天伦狱中进行，只有通过了七次审判宣告无罪的亡者，才有获得新生的机会。 　　消防员金子洪在一场火灾当中为了救一名女孩而不幸牺牲。地狱使者解怨脉和德春出现在了金子洪的面前。尽管金子洪无法相信自己的死亡，却被德春一脸严肃地告知自己既是亡者、又是贵人。在通往地狱的入口，金子洪遇到了在初军门等着自己的另一位使者江林。他掌管着解怨脉和德春两位使者，同时也将在子洪即将接受的七次审判中为子洪进行辩护。 　　原来倘若阎罗大王在1000年内令49位亡者得以往生，三位使者也可以重新投胎至凡间。他们相信第48位亡者——19年来出现的这位贵人金子洪是可以顺利重获新生的。然而在各地狱里，金子洪的过去接二连三地出现，原来这位贵人也依然有“不能说的秘密”。', '7.7', '51252', '99.00', null, null, null, 'super', '2018-05-09 16:56:37', null, '0');
INSERT INTO `film_detail` VALUES ('328', '2017', 'https://img3.doubanio.com/view/photo/s_ratio_poster/public/p2505925363.jpg', null, '伯德小姐', '格蕾塔·葛韦格', '格蕾塔·葛韦格', '西尔莎·罗南/劳里·梅特卡夫/崔西·莱茨/卢卡斯·赫奇斯/蒂莫西·柴勒梅德/比妮·费尔德斯坦/罗伊丝·史密斯/斯蒂芬·亨德森/奥德娅·拉什/乔丹·罗德里格斯/凯瑟琳·纽顿/约翰·卡尔纳/杰克·麦克道曼/劳拉·马兰洛/安迪·巴克利/丹尼尔·祖瓦图/克里森·克拉克/丹妮尔·麦克唐纳/鲍勃·斯蒂芬森/路易莎·李/伦敦·托尔/本·康尼斯伯格/维克托·沃尔夫', '1, 4', '美国', '英语', '2017-09-01', '93分钟', '淑女鸟(台)/不得鸟小姐(港)/大鸟萌妹(豆友译名)/伯德夫人/柏德小姐/小仙鸟/青春鸟', '　　女孩克里斯汀（西尔莎·罗南 Saoirse Ronan 饰）跟随着家人来到了位于加州的一间教会学校开始了她的高中生涯，虽然心中有百般的不愿意，但克里斯汀尚且没有足够的力量来反抗家人和生活的安排。在学校里，克里斯汀最好的朋友是朱丽（比妮·费尔德斯坦 Beanie Feldstein 饰），三观相近的两人无话不谈。 　　克里斯汀参加了舞台剧比赛，并因此结识了名为丹尼（卢卡斯·赫奇斯 Lucas Hedges 饰）的男孩，相互吸引的两人很快就走到了一起。然而，这段感情最终以分手告终。为了和校园交际花珍娜（奥德娅·拉什 Odeya Rush 饰）套近乎，克里斯汀不惜撒谎，遗憾的是，谎言并不能换来真正的友谊。当克里斯汀身陷同凯尔（提莫西·查拉梅 Timothée Chalamet 饰）的感情纠葛之中时，她的家庭也在经历着艰难时期。 ©豆瓣', '7.9', '94495', '99.00', null, null, null, 'super', '2018-05-09 16:56:37', null, '0');
INSERT INTO `film_detail` VALUES ('329', '2017', 'https://img1.doubanio.com/view/photo/s_ratio_poster/public/p2506466229.jpg', null, '帕丁顿熊2', '保罗·金', '保罗·金/迈克尔·邦德/西蒙·法纳比', '本·卫肖/休·格兰特/休·博纳维尔/莎莉·霍金斯/萨缪尔·乔斯林/马德琳·哈里斯/朱丽·沃特斯/布莱丹·格里森/吉姆·布劳德本特/艾美达·斯丹顿/彼得·卡帕尔迪/艾琳·阿特金斯/汤姆·康蒂/本·米勒/诺亚·泰勒/理查德·艾欧阿德', '17, 16, 4', '英国/法国/美国', '英语', '2017-12-08', '103分钟', '柏灵顿2(港)/柏灵顿熊熊出任务(台)', '　　露西婶婶（伊梅尔达·斯汤顿 Imelda Staunton 配音）的生日即将到来，帕丁顿（本·威士肖 Ben Whishaw 配音）决定送婶婶一份会让她终生难忘的礼物。最终，帕丁顿选中了一本立体绘本，然而这绘本是世间仅此一份的珍贵宝物，为了存钱购买绘本，帕丁顿决定开始工作，在遭遇了一连串的失败后，帕丁顿终于找到了适合他的工作——清洁玻璃窗。 　　就在帕丁顿的存款即将达标之际，绘本竟然被一名神出鬼没的小偷给偷走了，同时出现在案发现场的帕丁顿被当做嫌疑犯捉拿归案，并最终被关进了监狱。在监狱里，帕丁顿凭借着自己的爱与勇气改变了墙内死气沉沉的氛围，监狱外，布朗一家人亦从来没有放弃过替帕丁顿洗清冤屈的机会。 ©豆瓣', '8.2', '80505', '99.00', null, null, null, 'super', '2018-05-09 16:56:38', null, '0');
INSERT INTO `film_detail` VALUES ('330', '2017', 'https://img1.doubanio.com/view/photo/s_ratio_poster/public/p2506487968.jpg', null, '魅影缝匠', '保罗·托马斯·安德森', '保罗·托马斯·安德森', '丹尼尔·戴-刘易斯/薇姬·克里普斯/莱丝利·曼维尔/卡米拉·拉瑟福德/吉娜·麦基/布莱恩·格里森/哈里特·桑塞姆·哈里斯/理查德·格拉翰/西拉斯·卡森/朱莉娅·戴维斯/简·佩里', '1, 5', '美国', '英语', '2017-12-25', '130分钟', '霓裳魅影(港/台)/幽冥端绪/幽灵线条/一缕浮生/衣缕浮生/丝缕幻象', '　　故事发生在二十世纪五十年代的伦敦，雷诺兹（丹尼尔·戴-刘易斯 Daniel Day Lewis 饰）和妹妹西丽奥（莱丝利·曼维尔 Lesley Manville 饰）一起经营着名为“伍德科克之家”的制衣所，在伦敦当时的上流社会之中，能够穿上雷诺兹亲手缝制的礼服是每一个王公显贵和明星名流的愿望。 　　一次偶然中，雷诺兹在餐馆里遇见了名为阿尔玛（薇姬·克里普斯 Vicky Krieps 饰）的女服务生，两人一见钟情。雷诺兹将阿尔玛领入了五光十色的花花世界，但阿尔玛眼中却一直凝望着雷诺兹的身影。在生活中，雷诺兹是一个特别难缠和挑剔的怪人，朝夕相处之下，他和阿尔玛之间屡屡产生矛盾。眼看着雷诺兹的态度越来越冷淡，阿尔玛知道，自己必须采取行动，来捍卫她的爱情。 ©豆瓣', '7.6', '21129', '99.00', null, null, null, 'super', '2018-05-09 16:56:37', null, '0');
INSERT INTO `film_detail` VALUES ('331', '2018', 'https://img3.doubanio.com/view/photo/s_ratio_poster/public/p2511375626.jpg', null, '西游记女儿国', '郑保瑞', '文宁', '郭富城/冯绍峰/赵丽颖/小沈阳/罗仲谦/林志玲/梁咏琪/刘涛/孙伊涵/苑琼丹/潘斌龙/陈雅丽/施诗', '17, 5, 18', '中国大陆/香港', '汉语普通话', '2018-02-16', '116分钟', '西游记·女儿国/西游记之女儿国/TheMonkeyKing3:KingdomofWomen', '　　唐僧师徒途经忘川河，因激怒河神而误入西梁女界。闯入其中，众人才发现这个国家只有女性，并且建国以来此地就没来过男性。而且国中立有祖训，将男人视为天敌。典籍中更有预言，指明有朝一日，会有东土而来的僧人带着一只猴子、一头猪和一个小蓝人闯入其中。他们到来之日，便是女儿国走向毁灭之时。', '4.5', '59335', '99.00', null, null, null, 'super', '2018-05-09 16:56:40', null, '0');
INSERT INTO `film_detail` VALUES ('332', '2017', 'https://img3.doubanio.com/view/photo/s_ratio_poster/public/p2508862676.jpg', null, '我，花样女王', '克雷格·吉勒斯佩', '斯蒂芬·罗杰斯', '玛格特·罗比/塞巴斯蒂安·斯坦/艾莉森·珍妮/凯特琳·卡弗/麦肯娜·格瑞丝/鲍比·坎纳瓦尔/博亚娜·诺瓦科维奇/朱丽安妮·尼科尔森/凯萨琳·戴尔/保罗·沃尔特·豪泽/约书亚·米克尔/埃文·乔治·沃拉泽里斯/卡拉·曼特拉/杰森·戴维斯/凯莉·弗雷泽/安东尼·雷诺兹/杰森·麦克唐纳/迈尔斯·穆森登', '1, 17, 15, 23', '美国', '英语', '2017-09-08', '120分钟', '冰之骄女(港)/老娘叫谭雅(台)/我，冰上女王/我，塔尼娅/我，托尼亚/我是坦雅/我是托尼娅', '　　托尼亚（玛歌特·罗比 Margot Robbie 饰）成长在一个破碎的家庭之中，和母亲（阿丽森·詹尼 Allison Janney 饰）过着相依为命的日子。托尼亚的母亲是一个冷若冰霜而又独断专行的女人，她在年仅3岁的托尼亚身上看到了她成为一名花滑运动员的潜力，就这样，小小的女孩被送往了由戴安（朱丽安妮·尼科尔森 Julianne Nicholson 饰）执教的花滑队里，开始了训练。 　　托尼亚的全部童年几乎都是在冰上度过的，直到有一天她在溜冰场遇见了名为杰夫（塞巴斯蒂安·斯坦 Sebastian Stan 饰）的男子，两人很快就坠入了爱河。杰夫改变了托尼亚的人生，却也成为了她的灾难，从此托尼亚要面对的，除了日益艰巨的训练外，还有来自杰夫的拳脚。在一场比赛中，托尼亚完成了冰上三圈半的跳跃动作，成为了美国第一个完成了这个动作的运动员，托尼亚因此名声大噪。 ©豆瓣', '8.0', '22563', '99.00', null, null, null, 'super', '2018-05-09 16:56:38', null, '0');
INSERT INTO `film_detail` VALUES ('333', '2018', 'https://img1.doubanio.com/view/photo/s_ratio_poster/public/p2507709428.jpg', null, '奇迹男孩', '斯蒂芬·卓博斯基', '斯蒂芬·卓博斯基/斯蒂夫·康拉德/杰克·索恩/R·J·帕拉西奥', '雅各布·特伦布莱/朱莉娅·罗伯茨/伊扎贝拉·维多维奇/欧文·威尔逊/诺亚·尤佩/丹妮尔·罗丝·拉塞尔/纳吉·杰特/戴维德·迪格斯/曼迪·帕廷金/布莱斯·吉扎尔/艾尔·麦金农/泰·孔西利奥/詹姆斯·休斯/凯尔·布瑞特科夫/米莉·戴维斯/莉娅·朱厄特/凯琳·布瑞特科夫/利亚姆·迪金森/艾玛·特伦布莱/马克·多兹劳/鲁奇娅·伯纳德/J·道格拉斯·斯图瓦特/阿里·利伯特/埃丽卡·麦基特里克/本杰明·拉特纳/杰森·麦金农/索尼娅·布拉加/吉洁特', '1, 4, 21', '美国/香港', '英语', '2018-01-19', '113分钟/114分钟(中国大陆)', '奇迹', '　　奥吉（雅各布·特瑞布雷 Jacob Tremblay 饰）是一个10岁的男孩，除了头戴一个巨大的太空头盔外，他和其他的同年龄孩子别无二致。头盔下隐藏了奥吉因为各种手术而伤痕累累的脸庞，它不仅完美的隐藏起了奥吉脆弱自卑的内心，也成功的防止了奥吉的模样吓到别的孩子。 　　奥吉没有上过学，他的所有文化知识都是母亲伊莎贝尔（朱莉娅·罗伯茨 Julia Roberts 饰）在家教授给他的。然而，伊莎贝尔渐渐感觉到，家庭课堂无法满足奥吉的成长需要，除了学习知识，奥吉还必须学会的，是如何同除了家人以外的人交流。在忧虑重重之中，伊莎贝尔将奥吉送入了一间公立学校里，在那里，奥吉面临的是他人生中必须要战胜的挑战。 ©豆瓣', '8.7', '123145', '99.00', null, null, null, 'super', '2018-05-09 16:56:37', null, '0');
INSERT INTO `film_detail` VALUES ('334', '2017', 'https://img1.doubanio.com/view/photo/s_ratio_poster/public/p2503997609.jpg', null, '寻梦环游记', '李·昂克里奇/阿德里安·莫利纳', '阿德里安·莫利纳/马修·奥尔德里奇/李·昂克里奇/詹森·卡茨', '安东尼·冈萨雷斯/盖尔·加西亚·贝纳尔/本杰明·布拉特/阿兰纳·乌巴奇/芮妮·维克托/杰米·卡米尔/阿方索·阿雷奥/赫伯特·西古恩萨/加布里埃尔·伊格莱西亚斯/隆巴多·博伊尔/安娜·奥菲丽亚·莫吉亚/娜塔丽·科尔多瓦/赛琳娜·露娜/爱德华·詹姆斯·奥莫斯/索菲亚·伊斯皮诺萨/卡拉·梅迪纳/黛娅娜·欧特里/路易斯·瓦尔德斯/布兰卡·阿拉切利/萨尔瓦多·雷耶斯/切奇·马林/奥克塔维·索利斯/约翰·拉岑贝格', '17, 16, 11, 4, 9', '美国', '英语/西班牙语', '2017-11-24', '105分钟', '可可夜总会(台)/玩转极乐园(港)/亡灵总动员(豆友译名)/祖宗总动员(豆友译名)/墨西哥亡灵节/可可', '　　热爱音乐的米格尔（安东尼·冈萨雷兹 Anthony Gonzalez 配音）不幸地出生在一个视音乐为洪水猛兽的大家庭之中，一家人只盼着米格尔快快长大，好继承家里传承了数代的制鞋产业。一年一度的亡灵节即将来临，每逢这一天，去世的亲人们的魂魄便可凭借着摆在祭坛上的照片返回现世和生者团圆。 　　在一场意外中，米格尔竟然穿越到了亡灵国度之中，在太阳升起之前，他必须得到一位亲人的祝福，否则就将会永远地留在这个世界里。米格尔决定去寻找已故的歌神德拉库斯（本杰明·布拉特 Benjamin Bratt 配音），因为他很有可能就是自己的祖父。途中，米格尔邂逅了落魄乐手埃克托（盖尔·加西亚·贝纳尔 Gael García Bernal 配音），也渐渐发现了德拉库斯隐藏已久的秘密。 ©豆瓣', '9.1', '455781', '99.00', null, null, null, 'super', '2018-05-09 16:56:38', null, '0');
INSERT INTO `film_detail` VALUES ('335', '2017', 'https://img1.doubanio.com/view/photo/s_ratio_poster/public/p2505577378.jpg', null, '华盛顿邮报', '史蒂文·斯皮尔伯格', '丽兹·汉娜/乔希·辛格', '梅丽尔·斯特里普/汤姆·汉克斯/莎拉·保罗森/鲍勃·奥登科克/崔西·莱茨/布莱德利·惠特福德/布鲁斯·格林伍德/马修·瑞斯/爱丽森·布里/凯莉·库恩/杰西·普莱蒙/大卫·克罗斯/扎克·伍兹/帕特·希利/约翰·鲁/里克·霍姆斯/菲利普·卡斯诺夫/杰茜·缪勒/斯塔克·桑德斯/迈克尔·西里尔·克赖顿/威尔·丹顿/迪尔德丽·罗夫乔/迈克尔·斯图巴', '1, 7, 15, 24', '美国', '英语', '2017-12-22', '116分钟', '邮报：密战(台)/战云密报(港)/邮报/ThePapers', '　　本片聚焦1971年五角大楼泄密事件。汤姆·汉克斯扮演《华盛顿邮报》总编辑本·布拉德利，梅姨扮演发行人凯瑟琳·格雷厄姆。凯瑟琳·格雷厄姆与本·巴格迪坎要赶在《纽约时报》之前揭露一件历经四届美国总统任期、长达三十余年的庞大掩盖事件。这两个人必须消弭他们之间的差异，各自拿他们的事业、甚至人身自由冒险，让长久以来埋藏在黑暗深处的真相重见光明。', '8.2', '20016', '99.00', null, null, null, 'super', '2018-05-09 16:56:37', null, '0');
INSERT INTO `film_detail` VALUES ('336', '2018', 'https://img3.doubanio.com/view/photo/s_ratio_poster/public/p2506258944.jpg', null, '勇敢者游戏：决战丛林', '杰克·卡斯丹', '克里斯·麦克纳/埃里克·萨默斯/斯科特·罗森伯格/杰夫·皮克纳/克里斯·范·奥斯伯格', '道恩·强森/凯文·哈特/杰克·布莱克/凯伦·吉兰/尼克·乔纳斯/瑞斯·达比/鲍比·坎纳瓦尔/亚历克斯·沃尔夫/瑟达吕斯·布兰/麦迪森·伊瑟曼/摩根·特纳/梅森·古乔内/马克·埃文·杰克逊/玛琳·辛科/特雷西·邦纳/玛莉贝丝·梦露/米西·派勒/杰米·雷内尔/卡尔利斯·布克/罗翰·昌德/科林·汉克斯', '2, 18, 9', '美国', '英语', '2018-01-12', '119分钟', '野蛮游戏：疯狂丛林(台)/逃出魔幻纪：丛林挑机(港)/新勇敢者的游戏/勇敢者的游戏', '　　斯宾塞、“冰箱”弗里奇、贝瑟尼和玛莎是某高中的问题学生，这一日他们因不同的错误而被留校劳动。在一间堆满陈旧废弃物的储藏室内，斯宾塞发现一台年代久远的游戏机。四人原本想放松一下，谁知却被吸进了游戏机中。在凶险的尤曼吉热带丛林里，少男少女分别变成了勇石博士（道恩·强森 Dwayne Johnson 饰）、毛子·芬巴（凯文·哈特 Kevin Hart 饰）、奥伯伦教授（杰克·布莱克 Jack Black 饰）和铁拳露比（凯伦·吉兰 Karen Gillan 饰），他们必须遵照游戏规则，突破邪恶博士的阻挠，将宝石放回原处，恢复尤曼吉的和平，而这也是他们重返现实世界的唯一途径。 　　毒蛇、猛兽以及纠缠不休的暴徒，为四个玩家带来了永生难忘的冒险体验…… ©豆瓣', '7.0', '76703', '99.00', null, null, null, 'super', '2018-05-09 16:56:40', null, '0');
INSERT INTO `film_detail` VALUES ('337', '2017', 'https://img1.doubanio.com/view/photo/s_ratio_poster/public/p2501864539.jpg', null, '银翼杀手2049', '丹尼斯·维伦纽瓦', '汉普顿·范彻/迈克尔·格林/菲利普·迪克', '瑞恩·高斯林/哈里森·福特/安娜·德·阿玛斯/西尔维娅·侯克斯/罗宾·怀特/杰瑞德·莱托/戴夫·巴蒂斯塔/麦肯兹·戴维斯/卡拉·朱里/爱德华·詹姆斯·奥莫斯/巴克德·阿巴蒂/大卫·达斯马齐连/西娅姆·阿巴斯/连尼·詹姆斯/马克·阿诺德/肖恩·杨', '1, 8, 7', '美国/加拿大/英国', '英语/芬兰语/日语/匈牙利语/俄语/索马里语', '2017-10-27', '163分钟/162分钟(中国大陆)', '银翼杀手2/BladeRunner2', '　　故事发生在大断电30年后。复制人K（瑞恩·高斯林 Ryan Gosling 饰）是新一代的银翼杀手，在如今的世界里，人类和复制人之间的界限划分的更加明确，复制人从刚一制造出来就被灌输了服务于人类的思想，绝对不被允许产生人类的感情。 　　某日，一具女性复制人的遗骨被挖掘了出来，令陆军中尉乔伊（罗宾·怀特 Robin Wright 饰）感到震惊的是，这名女性复制人生前不仅怀过孕，还将孩子生了下来，这个孩子的存在将会彻底破坏政府苦心经营的规则和秩序。乔伊命令K找出这个孩子，并将他杀死。在一间废弃的农场里，K发现了一些线索，然而，这些线索竟然和他被植入的过去的记忆有着千丝万缕的关联。与此同时，复制人尼安德（杰瑞德·莱托 Jared Leto 饰）和他的手下拉芙（西尔维娅·侯克斯 Sylvia Hoeks 饰）也在寻找着这个孩子的下落。 ©豆瓣', '8.2', '190619', '99.00', null, null, null, 'super', '2018-05-09 16:56:38', null, '0');
INSERT INTO `film_detail` VALUES ('338', '2017', 'https://img3.doubanio.com/view/photo/s_ratio_poster/public/p2494950714.jpg', null, '敦刻尔克', '克里斯托弗·诺兰', '克里斯托弗·诺兰', '菲恩·怀特海德/汤姆·格林-卡尼/杰克·劳登/哈里·斯泰尔斯/阿奈林·巴纳德/汤姆·哈迪/马克·里朗斯/巴里·基奥根/基里安·墨菲/詹姆斯·达西/肯尼思·布拉纳/李·阿姆斯特朗/詹姆斯·布鲁尔/达米安·勃纳尔/布莱恩·威纳尔/哈利·理查森/艾略特·提特恩索/凯文·格思里/巴比·洛克伍德/米歇尔·贝尔/比利·豪尔/迈克尔·凯恩/约翰·诺兰/米兰达·诺兰', '1, 24, 12', '英国/法国/美国/荷兰', '英语/法语/德语', '2017-09-01', '107分钟', '敦刻尔克大撤退/敦克尔克大行动(台)/邓寇克大行动(港)', '　　故事改编自著名的二战军事事件“敦刻尔克大撤退”。二战初期，40万英法盟军被敌军围困于敦刻尔克的海滩之上，面对敌军步步逼近的绝境，形势万分危急。英国政府和海军发动大批船员，动员人民起来营救军队。 　　英国士兵汤米（菲昂·怀特海德 Fionn Whitehead 饰）在逃离海滩的过程中相继结识吉布森与亚历克斯，同时民用船主道森先生（马克·里朗斯 Mark Rylance 饰）与儿子彼得、17岁少年乔治也离开英国，去往敦刻尔克拯救士兵。三人陆续搭救了海军（基里安·墨菲 Cillian Murphy 饰）、飞行员柯林斯及汤米一行人，而战斗机飞行员法瑞尔（汤姆·哈迪 Tom Hardy 饰）则在被敌人双面夹击的艰难情形下顽强战斗。 　　影片的故事从陆、海、空三个角度讲述，在德国军队的包围下，每个人不得不为自己的命运背水一战，才有可能活着回家。 ©豆瓣', '8.4', '327370', '99.00', null, null, null, 'super', '2018-05-09 16:56:38', null, '0');
INSERT INTO `film_detail` VALUES ('339', '2017', 'https://img1.doubanio.com/view/photo/s_ratio_poster/public/p2506935748.jpg', null, '至爱梵高·星空之谜', '多洛塔·科别拉/休·韦尔什曼', '多洛塔·科别拉/休·韦尔什曼/贾科·丹纳尔', '道格拉斯·布斯/罗伯特·古拉奇克/埃莉诺·汤姆林森/杰罗姆·弗林/西尔莎·罗南/海伦·麦克洛瑞/克里斯·奥多德/约翰·塞森斯/艾丹·特纳/詹姆斯·格林尼/比尔·托马斯/马丁·赫德曼/理查德·班克斯/霍莉·厄尔', '1, 16, 15', '英国/波兰', '英语', '2017-12-08', '95分钟', '至爱梵高/致梵高的爱/情迷梵高(港)/梵谷：星夜之谜(台)/探索梵高的生与死/挚爱梵高/LapassionVanGogh', '　　影片用一封无法投递的信件串联起梵高在去世前最后六周里与他生命中最重要的三个人物之间的秘密，带观众穿越回十九世纪末的欧洲，并陪伴梵高走完他最后的人生。影片采用梵高原画作品中的人物原型还原梵高的艺术人生，让观众在享受美得令人窒息的视觉盛宴时，抽丝剥茧地发现隐藏了一个半世纪的秘密。', '8.5', '108052', '99.00', null, null, null, 'super', '2018-05-09 16:56:38', null, '0');
INSERT INTO `film_detail` VALUES ('340', '2018', 'https://img3.doubanio.com/view/photo/s_ratio_poster/public/p2515184536.jpg', null, '养家之人', '诺拉·托梅', '安妮塔·多兰/黛博拉·伊莉丝', '莎拉·乔德利/索玛·查亚/诺林·古拉姆高斯/拉腊·萨迪克/阿里·巴德沙阿/莎斯塔·拉蒂夫/坎扎·费里斯/卡瓦·阿达/凯恩·马洪/阿里·卡兹米/曼·沃尔克哈德/雷扎·索勒', '1, 16, 4', '爱尔兰/加拿大/卢森堡', '英语', '2017-09-08', '94分钟', '持家小木兰(港)/战火下的小花(台)/养家的人/一家之主', '　　与汤姆·摩尔（《海洋之歌》，2014）合导《凯尔经的秘密》（2009）的诺拉·托梅，改编黛博拉·艾里斯的儿童文学《战火下的小花》，安吉丽娜·朱莉越洋相助当监制，拍出美不胜收动画佳作。透过一个阿富汗女孩的动人经历，彰显女性的勇敢与坚强。塔利班粗暴掌权，非但不准女孩上学，更规定女性必须男性陪同才可外出，违者可遭毒打。父亲本是学者，在暴政下失业，由十一岁女儿帕瓦娜陪伴，到市集代人写信。有日父亲被士兵强行带走，被关入狱。帕瓦娜为维持家计，决定剪短头发，化身小木兰，偷偷以男装打扮上街，打水买食粮，代父开档赚钱，亦因此眼界大开，更有同学萧希亚教她街头生存之道。乱世催促成长，置身强权下，却仍能抓住希望。获第90届奥斯卡最佳动画提名。', '8.3', '4371', '99.00', null, null, null, 'super', '2018-05-09 16:56:40', null, '0');
INSERT INTO `film_detail` VALUES ('341', '2017', 'https://img3.doubanio.com/view/photo/s_ratio_poster/public/p2496148493.jpg', null, '佛罗里达乐园', '肖恩·贝克', '肖恩·贝克/克里斯·贝格齐', '布鲁克琳·普林斯/布丽娅·维纳特/威廉·达福/克里斯托弗·里维拉/梅拉·穆德/瓦莱丽亚·科托/乔希·奥利沃/艾登·马利克/爱德华·帕根/卡赖伯·兰德里·琼斯/克里斯托·尼科尔·沃茨/桑迪·凯恩/吉姆·R·科曼/安德鲁·罗马诺/卡罗丽娜·格拉波瓦/特里·艾伦·琼斯/卡伦·卡拉古利安/邹时擎/祖普·卡塔纳/梅肯·布莱尔/卡尔·布拉德菲尔德', '1, 21', '美国', '英语', '2017-05-22', '111分钟', '迪士尼的夏天(台)/欢迎光临奇幻城堡(台)/欢迎光临梦幻乐园(港)/欢迎光临梦幻乐园/佛罗里达公租乐事/佛罗里达廉租房/佛罗里达项目/佛罗里达计划/佛罗里达工程/佛罗里达贫民区', '　　影片讲述了一个早熟的六岁女孩Moonee和她的朋友们的故事，Moonee和她的年轻妈妈Halley住在奥兰多一个廉价的社区汽车旅馆里，过着艰难的生活，在暑假里，Moonee和她的朋友们展开了一系列冒险。', '8.0', '22110', '99.00', null, null, null, 'super', '2018-05-09 16:56:37', null, '0');
INSERT INTO `film_detail` VALUES ('342', '2017', 'https://img3.doubanio.com/view/photo/s_ratio_poster/public/p2499572915.jpg', null, '摩天轮', '伍迪·艾伦', '伍迪·艾伦', '凯特·温丝莱特/贾斯汀·汀布莱克/詹姆斯·贝鲁什/朱诺·坦普尔/马克斯·凯塞拉/杰克·戈尔/大卫·克鲁霍尔特兹/罗伯特·C·柯克/汤米·诺伊利/托尼·西里科/史蒂夫·斯基里帕/约翰·多马尼安/汤姆·盖里/格雷戈瑞·丹恩/鲍比·斯雷顿/迈克尔·泽加斯基/吉内瓦·卡尔/艾德·朱厄特/黛比·玛扎/达尼埃尔·费兰/麦迪·科尔曼/雅各布·伯杰/珍娜·斯特恩/迈克尔·斯特里亚诺/约翰·麦尼尔利', '1', '美国', '英语', '2017-10-14', '101分钟', '爱情摩天轮(台)/奇幻摩天轮(港)/奇迹摩天轮', '　　哈姆迪（吉姆·贝鲁什 Jim Belushi 饰）和妻子金妮（凯特·温丝莱特 Kate Winslet 饰）一起在游乐场生活和工作，金妮有过一段婚姻，两人共同抚养着金妮和前夫所生的孩子。一天，哈姆迪的女儿卡洛琳娜（朱诺·坦普尔 Juno Temple 饰）找到了父亲，她曾经执意嫁给黑帮大佬，如今正在遭受黑帮的追杀。 　　虽然女儿从前的所作所为令哈姆迪十分生气，但卡洛琳娜的浪子回头显然让哈姆迪开始想要修复这段破碎的父女关系。与此同时，金妮邂逅了海滩救生员米奇（贾斯汀·汀布莱克 Justin Timberlake 饰），两人之间碰撞出了爱情的火花。金妮想要抛弃一切同米奇在一起，然而，在看到了卡洛琳娜之后，米奇不可自持的移情别恋了。 ©豆瓣', '7.0', '6359', '99.00', null, null, null, 'super', '2018-05-09 16:56:40', null, '0');
INSERT INTO `film_detail` VALUES ('343', '2018', 'https://img3.doubanio.com/view/photo/s_ratio_poster/public/p2511346392.jpg', null, '马戏之王', '迈克尔·格雷西', '珍妮·比克/比尔·康顿', '休·杰克曼/米歇尔·威廉姆斯/扎克·埃夫隆/赞达亚/丽贝卡·弗格森/奥丝汀·约翰森/卡梅伦·丝蕾/基拉·塞特尔/萨姆·汉弗莱/叶海亚·阿卜杜勒-迈丁/埃里克·安德森/伊利斯·鲁宾/斯凯勒·杜恩/丹尼尔·埃维里奇/拉杜·斯平格尔/小森优作/丹尼尔·松/保罗·斯帕克斯/威尔·斯文森', '1, 25, 15', '美国', '英语', '2018-02-01', '105分钟/106分钟(中国大陆)', '大娱乐家(港/台)/地球最强秀/地球最强马戏演员/全球最伟大的马戏演员/大秀之王/TheGreatestShowmanOnEarth', '　　《马戏之王》取材自真人真事，好莱坞全能巨星休·杰克曼在片中饰演“马戏团鼻祖”、传奇人物P.T.巴纳姆。故事讲述了身处社会底层的巴纳姆依靠自己无穷想象力和锲而不舍的精神，从经营博物馆到一手开创世界上第一家马戏团的故事。巴纳姆的奇思妙想最开始并不被大众所认可，几乎没人花钱欣赏，他的家人好友帮他度过一次次绝境。在经历了一系列挫折、与合作伙伴的分歧之后，秉持梦想的他终于成为全美甚至全世界最为知名的“造梦大师”。', '7.8', '60924', '99.00', null, null, null, 'super', '2018-05-09 16:56:39', null, '0');
INSERT INTO `film_detail` VALUES ('344', '2017', 'https://img1.doubanio.com/view/photo/s_ratio_poster/public/p2495377597.jpg', null, '方形', '鲁本·奥斯特伦德', '鲁本·奥斯特伦德', '克拉斯·邦/伊丽莎白·莫斯/多米尼克·威斯特/泰瑞·诺塔里/克里斯托弗·莱索/玛丽娜·希彭蔻', '1', '瑞典/德国/法国/丹麦', '英语/瑞典语/丹麦语', '2017-05-20', '151分钟', '抓狂美术馆(台)/方寸见人心(港)/自由广场/方块/魔方/广场', '　　克里斯蒂安（克拉斯·邦 Claes Bang 饰）和妻子离婚后，带着小女儿（Lilianne Mardon 饰）开始了全新的生活。克里斯蒂安在一间艺术馆里担任策展人的职位，最近，他正在筹划一项名为“方形”的装置展览，希望宣扬一种人人平等互助的积极向上的理念。 　　一场意外中，克里斯蒂安的手机被偷了，通过GPS定位，克里斯蒂安找到了偷手机的小偷所居住的公寓，深夜里，克里斯蒂安向该大楼的每一户居民家的门缝里塞进了一张指控书，哪知道这不经思考的举动，为他惹出了大麻烦。为了宣传展览，克里斯蒂安找来了传媒公关公司的代理人，哪知道这两个不靠谱的男人，很快就将这个展览搅成了一锅粥。祸不单行，克里斯蒂安和女记者安妮（伊丽莎白·莫斯 Elisabeth Moss 饰）之间的一段露水情缘让安妮对他展开了猛烈的攻势。 ©豆瓣', '7.7', '11457', '99.00', null, null, null, 'super', '2018-05-09 16:56:40', null, '0');
INSERT INTO `film_detail` VALUES ('345', '2018', 'https://img1.doubanio.com/view/photo/s_ratio_poster/public/p2506694509.jpg', null, '星球大战8：最后的绝地武士', '莱恩·约翰逊', '莱恩·约翰逊/乔治·卢卡斯', '马克·哈米尔/凯丽·费雪/黛西·雷德利/亚当·德赖弗/约翰·博耶加/奥斯卡·伊萨克/安迪·瑟金斯/露皮塔·尼永奥/多姆纳尔·格里森/安东尼·丹尼尔斯/格温多兰·克里斯蒂/凯莉·玛丽·陈/劳拉·邓恩/本尼西奥·德尔·托罗/弗兰克·奥兹/比莉·洛德/阿曼达·劳伦斯/吉米·维/贾斯汀·塞洛克斯/蒂姆·罗斯/汤姆·凯恩/亚德里安·埃德蒙松/马克·路易斯·琼斯/赫敏·科菲尔德/吴青芸/诺阿·西甘/保罗·卡塞/米凯拉·科尔/普莉安卡·伯福德/纳温·乔杜里/安德鲁·杰克/克里斯塔·克拉克/伊川东吾', '2, 8, 9', '美国', '英语', '2018-01-05', '152分钟', '星球大战：最后绝地武士(港)/星球大战8/星战8/StarWars:EpisodeVIII', '　　《星球大战：最后的绝地武士》承接前作《星球大战：原力觉醒》的剧情，讲述第一军团全面侵袭之下，蕾伊（黛西·雷德利 Daisy Ridley 饰）、芬恩（约翰·博耶加 John Boyega 饰）、波·达默龙（奥斯卡·伊萨克 Oscar Isaac 饰）三位年轻主角各自的抉 择和冒险故事。前作中觉醒强大原力的蕾伊独自寻访隐居的绝地大师卢克·天行者（马克·哈米尔 Mark Hamill 饰），在后者的指导下接受原力训练。芬恩接受了一项几乎不可能完成的任务，为此他不得不勇闯敌营，面对自己的过去。波·达默龙则要适应从战士向领袖的角色转换，这一过程中他也将接受一些血的教训。', '7.2', '71433', '99.00', null, null, null, 'super', '2018-05-09 16:56:41', null, '0');
INSERT INTO `film_detail` VALUES ('346', '2017', 'https://img3.doubanio.com/view/photo/s_ratio_poster/public/p2498866082.jpg', null, '灾难艺术家', '詹姆斯·弗兰科', '斯科特·纽斯塔德/迈克尔·H·韦伯/格雷戈·赛斯特罗/汤姆·比塞尔', '詹姆斯·弗兰科/戴夫·弗兰科/塞斯·罗根/艾莉·葛瑞那/爱丽森·布里/杰基·韦佛/保罗·谢尔/扎克·埃夫隆/乔什·哈切森/琼·黛安·拉斐尔/梅根·莫拉莉/杰森·曼兹沃克斯/安德鲁·桑提诺/内森·菲尔德/乔·曼德/莎朗·斯通/约翰·厄尔利/梅兰尼·格里菲斯/汉尼拔·布勒斯/查琳·易/彼得·吉尔罗伊/劳伦·阿什/舒格·林·彼尔德/鲍勃·奥登科克/布莱恩·赫斯基/梅根·弗格森/兰道尔·朴/斯蒂芬·刘/凯西·威尔逊/杰洛德·卡尔迈克/豪莎·罗克莫雷/凯莉·奥克斯福德/凯瑟·多诺休/德丽·海明威/安吉琳/汤姆·佛朗哥/佐伊·达奇/伊克·巴里霍尔兹/凯文·史密斯/J·J·艾布拉姆斯/科甘-迈克尔·凯/亚当·斯科特/丹尼·麦克布莱德/克里斯汀·贝尔/贾德·阿帕图/丽兹·卡潘/托米·韦素', '1, 17, 15', '美国', '英语', '2017-09-11', '103分钟', '大灾难家(台)/荷里活烂片王(港)/TheMasterpiece', '　　詹姆斯·弗兰科从去年起就计划将邪典电影《房间》的拍摄过程搬上银幕，近日该片不仅确定了片名《灾难艺术家》(The Disaster Artist)，还找来了以投拍发行恐怖电影为主的新线影业做接盘侠。 　　2003年上映的《房间》是托米·韦素自编自导自演的一部邪典电影，该片被很多人视作最烂电影之一。不过，影片完全烂出了风格与境界，甚至被称为“烂片界的《公民凯恩》”。影片基本上就是围绕着托米·韦素饰演的主人公与他的未婚妻以及最好朋友之间的三角恋情展开，无论是演员的渣演技、剧情的神转折还是毫无美感的运镜都让人印象深刻。2013年，参演《房间》的演员之一格雷·戈泽斯特洛和汤姆·比塞尔联合出版了《灾难艺术家》，回顾了该片的拍摄过程。戈泽斯特洛在书中写到，托米·韦素在开拍此片时完全没有任何电影制作经验。 　　弗兰兰在担任该片导演的同时，还会出演托米·韦素，他的弟弟戴夫·弗... (展开全部) 　　詹姆斯·弗兰科从去年起就计划将邪典电影《房间》的拍摄过程搬上银幕，近日该片不仅确定了片名《灾难艺术家》(The Disaster Artist)，还找来了以投拍发行恐怖电影为主的新线影业做接盘侠。 　　2003年上映的《房间》是托米·韦素自编自导自演的一部邪典电影，该片被很多人视作最烂电影之一。不过，影片完全烂出了风格与境界，甚至被称为“烂片界的《公民凯恩》”。影片基本上就是围绕着托米·韦素饰演的主人公与他的未婚妻以及最好朋友之间的三角恋情展开，无论是演员的渣演技、剧情的神转折还是毫无美感的运镜都让人印象深刻。2013年，参演《房间》的演员之一格雷·戈泽斯特洛和汤姆·比塞尔联合出版了《灾难艺术家》，回顾了该片的拍摄过程。戈泽斯特洛在书中写到，托米·韦素在开拍此片时完全没有任何电影制作经验。 　　弗兰兰在担任该片导演的同时，还会出演托米·韦素，他的弟弟戴夫·弗兰科则会出演格雷·戈泽斯特洛。弗兰兰的好基友塞斯·罗根在担任影片制片的同时还在协商加盟演出，另外担任制片的还包括埃文·戈登伯格、Vince Jolivette以及弗兰兰自己。小清新爱情片《星运里的错》和《好景当前》的编剧斯考特·诺伊施塔特和迈克尔·H·韦伯已为影片执笔剧本。影片定于今年12月7日开拍。', '7.6', '16000', '99.00', null, null, null, 'super', '2018-05-09 16:56:38', null, '0');
INSERT INTO `film_detail` VALUES ('347', '2017', 'https://img3.doubanio.com/view/photo/s_ratio_poster/public/p2502165084.jpg', null, '东方快车谋杀案', '肯尼思·布拉纳', '迈克尔·格林/阿加莎·克里斯蒂', '肯尼思·布拉纳/佩内洛普·克鲁兹/威廉·达福/朱迪·丹奇/约翰尼·德普/乔什·加德/德里克·雅各比/小莱斯利·奥多姆/米歇尔·菲佛/黛西·雷德利/露西·宝通/奥利维娅·科尔曼/亚当·加西亚/米兰达·莱森/曼努埃尔·加西亚-鲁尔福/汤姆·巴特曼/马尔万·肯扎里/阿拉·萨菲/瑟盖·普罗宁', '1, 6, 3', '美国/马耳他', '英语/法语/德语', '2017-11-10', '114分钟', '', '　　《雷神》和《灰姑娘》的英国导演、莎翁戏剧大师肯尼思·布拉纳（Kenneth Branagh）即将为20世纪福克斯公司翻拍阿加莎·克里斯蒂（Agatha Christie）的侦探悬疑小说《东方快车谋杀案》（Murder on the Orient Express）的消息。 　　福克斯宣布，肯尼思·布拉纳不仅将担任导演，同时还将出演片中主角——比利时大侦探赫克尔·波洛（Hercule Poirot）！波洛是阿加莎笔下最著名的角色之一，曾出现在她33部小说之中。 　　1934年出版的小说《东方快车谋杀案》描写了发生在著名的“东方快车”上一起离奇命案，每个人都有作案的嫌疑，比利时大侦探波洛（Hercule Poirot）经过缜密的、抽丝剥茧的逻辑分析，终于让案情大白于天下。 　　据悉，新版的《东方快车谋杀案》将由莱德利·斯科特（Ridley Scott）、赛蒙·金伯格（... (展开全部) 　　《雷神》和《灰姑娘》的英国导演、莎翁戏剧大师肯尼思·布拉纳（Kenneth Branagh）即将为20世纪福克斯公司翻拍阿加莎·克里斯蒂（Agatha Christie）的侦探悬疑小说《东方快车谋杀案》（Murder on the Orient Express）的消息。 　　福克斯宣布，肯尼思·布拉纳不仅将担任导演，同时还将出演片中主角——比利时大侦探赫克尔·波洛（Hercule Poirot）！波洛是阿加莎笔下最著名的角色之一，曾出现在她33部小说之中。 　　1934年出版的小说《东方快车谋杀案》描写了发生在著名的“东方快车”上一起离奇命案，每个人都有作案的嫌疑，比利时大侦探波洛（Hercule Poirot）经过缜密的、抽丝剥茧的逻辑分析，终于让案情大白于天下。 　　据悉，新版的《东方快车谋杀案》将由莱德利·斯科特（Ridley Scott）、赛蒙·金伯格（Simon Kinberg）、马克·高顿（Mark Gordon）联合出品，《银翼杀手2》的编剧迈克尔·格林（Michael Green）将负责剧本的改编。 　　如果《东方快车谋杀案》取得票房成功，福克斯还将把更多波洛破案的故事搬上大银幕。', '7.0', '138444', '99.00', null, null, null, 'w', '2018-04-16 14:22:48', null, '0');
INSERT INTO `film_detail` VALUES ('348', '2017', 'https://img1.doubanio.com/view/photo/s_ratio_poster/public/p2503644828.jpg', null, '嘉年华', '文晏', '文晏', '文淇/周美君/史可/耿乐/刘威葳/彭静/王栎鑫/李梦男/蒋欣悦/陈竹昇', '1', '中国大陆/法国', '汉语普通话', '2017-11-24', '107分钟', 'AngelsWearWhite', '　　小米（文淇 饰）在位于风景区的一间酒店里打工。一天，正值小米当班，一个男人带着两个看上去还是小学生的女孩子来开房，虽然心中所有顾虑，但小米秉着多一事不如少一事的念头替他们开了两间房。之后，在监控录像里，小米看到男人在半推半就之下进入了两个女孩的房间，心中隐隐觉得不安的小米将这一幕用手机录了下来。 　　两个女孩一个叫孟小文（周美君 饰），一个叫张新新（蒋欣悦 饰），那个男人是他们的“干爹”。东窗事发之后，小文的母亲报警并找到了律师郝洁（史可 饰），希望法律能够还他们一个公道。然而事与愿违，证据的缺乏让嫌疑人迟迟不能定罪，而最最关键的证据，正掌握在小米的手中。 ©豆瓣', '8.3', '93028', '99.00', null, null, null, 'super', '2018-05-09 16:56:38', null, '0');
INSERT INTO `film_detail` VALUES ('349', '2018', 'https://img3.doubanio.com/view/photo/s_ratio_poster/public/p2511434383.jpg', null, '浪矢解忧杂货店', '广木隆一', '齐藤浩史/东野圭吾', '山田凉介/村上虹郎/宽一郎/成海璃子/门胁麦/林遣都/铃木梨央/山下莉绪/手塚通/中村治雄/萩原圣人/小林薰/吉行和子/尾野真千子/西田敏行', '1', '日本', '日语', '2018-02-02', '129分钟', '解忧杂货店/MiraclesoftheNamiyaGeneralStore', '　　2012年的一个夜晚，自幼在某孤儿院长大的敦也（山田凉介 饰）、翔太（村上虹郎 饰）和幸平（宽一郎 饰）对某女企业家实施了抢劫，由于汽车意外抛锚，他们仓皇逃到了一家早已关张的杂货店内躲藏。这家名为浪矢杂货店的铺子此前由风趣和善的老人浪矢雄治（西田敏行 饰）经营，数十年前他出于玩笑帮小朋友们解答各种困扰，后来名气越来越大，以至于有人专程向他咨询人生中的难题。本来从1980年就该沉寂的店铺，却在三人闯进来后收到了烦恼咨询信。随后敦也等人发现，这些信件竟然来自遥远的过去。神秘的夜晚，迷途青年执笔为他人排忧解难，他们的命运和这家解忧杂货店紧紧联系在了一起…… 　　本片根据日本人气推理作家东野圭吾的同名原作改编。 ©豆瓣', '7.2', '23431', '99.00', null, null, null, 'super', '2018-05-09 16:56:39', null, '0');
INSERT INTO `film_detail` VALUES ('350', '2017', 'https://img3.doubanio.com/view/photo/s_ratio_poster/public/p2500451074.jpg', null, '雷神3：诸神黄昏', '塔伊加·维迪提', '埃里克·皮尔森/克雷格·凯尔/克里斯托弗·约斯特/斯坦·李/拉里·利伯/杰克·科比', '克里斯·海姆斯沃斯/汤姆·希德勒斯顿/凯特·布兰切特/伊德里斯·艾尔巴/杰夫·高布伦/泰莎·汤普森/卡尔·厄本/马克·鲁弗洛/安东尼·霍普金斯/本尼迪克特·康伯巴奇/塔伊加·维迪提/瑞切尔·豪斯/克兰西·布朗/浅野忠信/雷·史蒂文森/扎克瑞·莱维/卢克·海姆斯沃斯/马特·达蒙/山姆·尼尔/夏洛特·尼克道/斯坦·李', '2, 18, 9', '美国', '英语', '2017-11-03', '130分钟', '雷神索尔3：诸神黄昏(台)/雷神奇侠3：诸神黄昏(港)/雷神3：诸神的黄昏/Thor3', '　　在“索科维亚战役”两年后，索尔（克里斯·海姆斯沃斯 饰）得知诸神黄昏的预言并希望全力阻止火焰巨人苏尔特尔毁灭阿斯加德。索尔与洛基（汤姆·希德勒斯顿 饰）在奇异博士（本尼迪克特·康伯巴奇 饰）的指引下找到了奥丁（安东尼·霍普金斯 饰）。奥丁向他们兄弟二人道出他们还有一位姐姐——“死亡女神”海拉（凯特·布兰切特 饰）。在一场战斗里雷神之锤被海拉所毁，索尔跌下彩虹桥而来到了萨卡星，成为阶下囚。失去了锤子的索尔被逼展开角斗士对决，而对手居然是自己的老战友绿巨人（马克·鲁弗洛 饰）。索尔必须与绿巨人、洛基等人并肩战斗，才能阻止海拉和即将到来的诸神黄昏。', '7.5', '162440', '99.00', null, null, null, 'super', '2018-05-09 16:56:39', null, '0');
INSERT INTO `film_detail` VALUES ('351', '2017', 'https://img3.doubanio.com/view/photo/s_ratio_poster/public/p2505050710.jpg', null, '铁雨', '杨宇硕', '杨宇硕', '郑雨盛/郭度沅/金甲洙/金义城/李璟荣/赵宇镇/朴善英/金芝荷/张铉诚/郑元中/元珍雅/金亨宗/罗光旭/金明坤/朴恩惠/玄奉植/金基贤/金泰汉/克里斯汀·达尔顿/安德烈亚斯·弗龙克/丹尼尔·乔伊·奥尔布赖特', '1, 2, 12', '韩国', '韩语/英语/汉语普通话/日语', '2017-12-14', '139分钟', '钢铁雨/SteelRain', '　　原朝鲜侦察总局特工严铁雨(郑雨盛 饰)受到征召前去位于朝韩边境的开城工业园区刺杀意图政变的朝鲜高官，不料却在开城遇袭，迫使他带着重伤昏迷的朝鲜最高领导人逃往韩国，局势突变，朝鲜半岛站在了核战争的边缘，中美日皆卷入乱局，他只能与韩国外交安全首席秘书郭哲宇(郭度沅 饰)合作，将半岛从核战边缘拉回', '8.1', '31763', '99.00', null, null, null, 'super', '2018-05-09 16:56:39', null, '0');
INSERT INTO `film_detail` VALUES ('352', '2018', 'https://img3.doubanio.com/view/photo/s_ratio_poster/public/p2510057340.jpg', null, '忌日快乐', '克里斯托弗·兰登', '斯科特·洛布德尔', '杰西卡·罗德/伊瑟尔·布罗萨德/露比·莫迪恩/查尔斯·艾特肯/劳拉·克利夫顿/杰森·拜尔/罗布·梅洛/瑞秋·马休斯/拉姆齐·安德森/布雷迪·刘易斯/飞·武/泰内娅·因崔亚戈/布莱恩·克恩/卡瑞尔拉·史密斯/吉米·冈萨雷斯/比利·斯洛特/唐娜·杜普兰提尔/吉吉·埃内塔/林赛·G.史密斯/戴恩·罗兹/凯莱布·斯比尔亚兹/蜜西·雅格', '17, 7, 13', '美国', '英语', '2018-02-02', '96分钟', '死日快乐/吓到半死/死亡无限LOOP(港)/Again/HalftoDeath', '　　生日当晚惨遭杀害的泰莉，一觉醒来仍然生勾勾，她以为只是生日前夕的恶梦，怎知醒来后的经历跟梦境完全一样，生日当晚再惨遭杀害，然后又一觉醒来…究竟是上天的大礼，还是死神的玩笑，她竟然无限次被杀，再无限次重返生日早上！泰莉醒完又死，死完又醒，她唯一可以做的，就是找出杀自己的神秘凶手，否则会被困在生日和死忌的无限轮回，直到永远…', '7.2', '85583', '99.00', null, null, null, 'super', '2018-05-09 16:56:40', null, '0');
INSERT INTO `film_detail` VALUES ('353', '2017', 'https://img3.doubanio.com/view/photo/s_ratio_poster/public/p2501863104.jpg', null, '天才枪手', '纳塔吾·彭皮里亚', '塔妮达·汉塔维瓦塔娜/瓦苏红·皮娅罗姆娜/纳塔吾·彭皮里亚', '茱蒂蒙·琼查容苏因/查侬·散顶腾古/依莎亚·贺苏汪/披纳若·苏潘平佑/塔内·瓦拉库努娄/莎琳雷特·托马斯/伊戈·米基塔斯/帕辛·宽萨塔彭/萨哈贾克·波斯安吉特/坎嘉娜·维耐潘尼/育塔彭·瓦拉努科洛楚/诺帕瓦特·里基特王', '1, 6, 3', '泰国', '泰语/英语', '2017-10-13', '130分钟', '模犯生(台)/出猫特攻队(港)/完美作弊/高智商的作弊游戏/坏天才/BadGenius', '　　影片根据2014年轰动一时的亚洲考场作弊案改编，讲述了天才学霸利用高智商考场作弊牟取暴利的故事。出生平凡的天才少女Lynn（茱蒂蒙·琼查容苏因 饰）在进入贵族学校后，结识了富二代同学Grace（依莎亚·贺苏汪饰）与Pat（披纳若·苏潘平佑饰），从此开始了考场作弊生涯，与此同时，另一名记忆力极佳的天才学霸Bank（查侬·散顶腾古 饰）发现了Lynn不为人知的“交易”。经过多场险象环生的“作弊战争”后，Lynn接下最后一单在国际考场上为富家子弟作弊的天价委托。一场横跨两大洲的完美作弊方案横空出世，然而一切并不像他们想的那么简单…… ©豆瓣', '8.2', '307554', '99.00', null, null, null, 'w', '2018-04-27 16:14:14', null, '0');
INSERT INTO `film_detail` VALUES ('354', '2017', 'https://img3.doubanio.com/view/photo/s_ratio_poster/public/p2494701965.jpg', null, '战狼2', '吴京', '吴京/董群/刘毅', '吴京/弗兰克·格里罗/吴刚/张翰/卢靖姗/丁海峰/淳于珊珊/余男/于谦/石兆琪/海蒂·莫尼梅克/奥列格·普鲁迪乌斯/艾伦·托尼/赛尔·哈里斯/高明/王森/苇青/程愫/张永达/郭秋成/杜建桥/周冠廷/安·詹姆斯/黛安娜·希拉/孙率航/张馨月/关海龙/安妮塔·斯图尔特/特雷弗·琼斯/奥斯汀·普里斯特/克莱·方特诺特/保罗·艾力卡/丹尼尔·哈格里夫/李镇男/庄小龙/陈云志/肯尼迪', '2', '中国大陆', '汉语普通话/英语', '2017-07-27', '123分钟', '新战狼/新战死沙场/WolfWarriors2', '　　故事发生在非洲附近的大海上，主人公冷锋（吴京 饰）遭遇人生滑铁卢，被“开除军籍”，本想漂泊一生的他，正当他打算这么做的时候，一场突如其来的意外打破了他的计划，突然被卷入了一场非洲国家叛乱，本可以安全撤离，却因无法忘记曾经为军人的使命，孤身犯险冲回沦陷区，带领身陷屠杀中的同胞和难民，展开生死逃亡。随着斗争的持续，体内的狼性逐渐复苏，最终孤身闯入战乱区域，为同胞而战斗。', '7.2', '500404', '99.00', null, null, null, 'super', '2018-05-09 16:56:39', null, '0');
INSERT INTO `film_detail` VALUES ('355', '2017', 'https://img3.doubanio.com/view/photo/s_ratio_poster/public/p2505684182.jpg', null, '缩小人生', '亚历山大·佩恩', '亚历山大·佩恩/吉姆·泰勒', '马特·达蒙/克里斯托弗·沃尔兹/周洪/克里斯汀·韦格/罗夫·拉斯加德/英洁德·埃格伯格/乌多·基尔/索伦·比尔马克/杰妮·霍蒂谢尔/杰森·苏戴奇斯/玛莉贝丝·梦露/菲尔·里夫斯/布里盖特·伦迪·佩恩/詹姆斯·范德比克/艾丽森·J·帕尔默/蒂姆·德里斯科尔/凯文·孔克尔/派崔克·盖勒/安娜·玛丽·考克斯/罗兰·马丁/尼尔·帕特里克·哈里斯/劳拉·邓恩/南希·纳什/玛格·马丁戴尔/凯瑞·肯妮/唐·雷克/玛丽·凯·普莱斯', '1, 17, 8', '美国', '英语', '2017-08-30', '135分钟', '缩身/缩水人间(港)/谁缩小了我的老公(豆友译名)', '　　在《缩身》中，亚历山大·佩恩描写了一对财政紧张的夫妇，为了节省开支他们决定“缩身”——把自己变得更小，这样日常消耗也就少多了。然而在缩身开始前的最后一秒，妻子退怯了，只有丈夫进行了缩身。由此带来的结果是，迷你小丈夫（马特·戴蒙）与妻子在很多方面开始出现不和谐，夫妻关系陷入紧张。', '5.4', '6938', '99.00', null, null, null, 'w', '2018-04-27 16:14:16', null, '0');
INSERT INTO `film_detail` VALUES ('356', '2017', 'https://img1.doubanio.com/view/photo/s_ratio_poster/public/p2506348908.jpg', null, '勇往直前', '约瑟夫·科辛斯基', '肯·诺兰/埃里克·辛格尔/肖恩·弗林', '乔什·布洛林/迈尔斯·特勒/杰夫·布里吉斯/詹妮弗·康纳利/詹姆斯·戴尔/泰勒·克奇/安迪·麦克道威尔/吉欧夫·斯图兹/亚历克斯·罗素/萨德·拉金比尔/本·哈迪/斯科特·黑兹/杰克·皮克金/斯科特·福克斯/迪兰·科宁/娜塔莉·豪尔/贝尔·詹姆斯', '1, 15, 22', '美国', '英语', '2017-12-08', '134分钟/127分钟(中国大陆)', '无路可退(台)/烈焰雄心(港)/GraniteMountainHotshots/NoExit', '　　本片根据“格拉尼特山高手”消防队英勇事迹改编。影片讲述在“格拉尼特山高手队”创建之初，队里既有失足青年也有人面临婚姻危机等各种生活问题。队长埃里克·马什却始终充满热情，督促队员刻苦训练。这支看似由失意者组成的团队也逐 步成为城镇的荣誉象征……然而这一切被突如其来的森林大火所打破。面对近在咫尺的灾难，作为尖兵部队的他们勇往直前，却在阻止火势蔓延时被困火海、命悬一线。整个团队的安危与荣誉也面临巨大考验。', '8.4', '21719', '99.00', null, null, null, 'super', '2018-05-09 16:56:40', null, '0');
INSERT INTO `film_detail` VALUES ('357', '2017', 'https://img3.doubanio.com/view/photo/s_ratio_poster/public/p2504760614.jpg', null, '圣诞发明家', '贝瑞特·奈鲁利', '苏珊·柯尼/莱斯·斯坦迪福德', '丹·史蒂文斯/克里斯托弗·普卢默/乔纳森·普雷斯/西蒙·卡洛/米瑞安·玛格莱斯/伊恩·麦克尼奇/比尔·帕特森/唐纳德·桑普特/迈尔斯·贾普/莫菲德·克拉克/科西莫·福斯科/安妮特·白兰特/瓦莱里亚·班迪诺/贾斯汀·爱德华兹/盖·莱恩', '1, 17, 15', '爱尔兰/加拿大', '英语', '2017-11-10', '104分钟', '发明圣诞节的人', null, '6.5', '317', '99.00', null, null, null, null, null, null, '0');
INSERT INTO `film_detail` VALUES ('358', '2018', 'https://img3.doubanio.com/view/photo/s_ratio_poster/public/p2515316360.jpg', null, '再见十八班', '禹岚馨', '禹岚馨/李雨洁', '柯焱曦/熊婧文/秦海', '1', '中国大陆', '汉语普通话', '2018-03-07', '102分钟', 'Tous,Fromus/再见18班', '　　梧桐中学高二十八班是远近闻名的问题班级，后进生、艺术生、体育生、不良少年聚集在此，以宋宸（柯焱曦 饰）为首的男生帮派和以秦淼淼（熊婧文 饰）为首的女生帮派互相不服，班级混乱无序。一天，高二十八班收到了一封信，这封信自称是由一年后的他们集体寄来。信上说，即将调来的班主任谭 睿明（秦海 饰）会改变十八班，成为对他们最重要的人。然而在一年后的未来，谭老师却永远地离开了他们。为了实现一段没有遗憾的青春，扭转历史，少年们决定按照信上所说，挑战一个个不可能实现的任务...', '6.7', '475', '99.00', null, null, null, 'w', '2018-04-27 16:14:16', null, '0');
INSERT INTO `film_detail` VALUES ('360', '2017', 'https://img3.doubanio.com/view/photo/s_ratio_poster/public/p2469814400.jpg', null, '春宵苦短，少女前进吧！', '汤浅政明', '上田诚/森见登美彦', '星野源/花泽香菜/神谷浩史/秋山竜次/中井和哉/甲斐田裕子/吉野裕行/新妻圣子/诹访部顺一/悠木碧/桧山修之/山路和弘/麦人', '17, 5, 16, 18', '日本', '日语', '2017-04-07', '93分钟', '夜短梦长，少女前进吧！(港)/TheNightisShort,WalkonGirl', null, '8.6', '40727', '99.00', null, null, null, null, null, null, '0');
INSERT INTO `film_detail` VALUES ('361', '2017', 'https://img1.doubanio.com/view/photo/s_ratio_poster/public/p2495377597.jpg', null, '魔方', '鲁本·奥斯特伦德', '鲁本·奥斯特伦德', '克拉斯·邦/伊丽莎白·莫斯/多米尼克·威斯特/泰瑞·诺塔里/克里斯托弗·莱索/玛丽娜·希彭蔻', '1', '瑞典/德国/法国/丹麦', '英语/瑞典语/丹麦语', '2017-05-20', '151分钟', '抓狂美术馆(台)/方寸见人心(港)/自由广场/方形/方块/广场', null, '7.7', '12156', '99.00', null, null, null, null, null, null, '0');
INSERT INTO `film_detail` VALUES ('362', '2017', 'https://img3.doubanio.com/view/photo/s_ratio_poster/public/p2494814021.jpg', null, '天上再见', '阿尔贝·杜邦泰尔', '阿尔贝·杜邦泰尔/皮埃尔·勒梅特', '纳威尔·佩雷兹·毕斯卡亚特/阿尔贝·杜邦泰尔/罗兰·拉斐特/尼尔斯·阿贺斯图普/艾米莉·德奎恩/梅兰尼·蒂埃里/埃洛伊兹·巴尔斯特/菲利普·乌禅/安德烈·马尔孔/米歇尔·维耶尔莫/凯恩·科贾迪/菲利普·杜克斯纳', '1', '法国/加拿大', '法语', '2017-10-25', '117分钟', 'SeeYouUpThere', '　　演而优则导的法国演技派男星亚伯杜庞蒂自导自演的《天上再见》，改编自犯罪小说大师皮耶勒梅特的同名小说，讲述两名因目睹长官犯罪而惨遭惩处的军人，没想到退役后长官飞黄腾达，自己却一贫如洗，为不让小人得志，他们决定要为自己讨回公道。影片精采刻画第一次世界大战过后法国社会，从血肉横飞的泥泞战场到纸醉金迷的华美派对，但即便面具绚丽华美，也掩盖不住背后的人生伤痛。', '8.0', '2033', '99.00', null, null, null, 'super', '2018-05-09 16:56:40', null, '0');
INSERT INTO `film_detail` VALUES ('363', '2018', 'https://img3.doubanio.com/view/photo/s_ratio_poster/public/p2498335046.jpg', null, '潜伏4：锁命亡灵', '亚当·罗比特尔', '雷·沃纳尔', '林·沙烨/雷·沃纳尔/安格斯·桑普森/柯克·埃斯沃多/凯特琳·杰拉德/史宾塞·洛克/乔什·斯图沃特/特莎·费勒/阿勒奎·里德/艾娃·寇克尔/皮尔斯·波普/布鲁斯·戴维森/哈维尔·博泰特/马库斯·亨德森/阿曼达·亚罗斯', '7, 13', '美国/加拿大', '英语', '2018-01-05', '103分钟', '潜伏4/阴儿房第4章：锁命亡灵(台)/儿凶第四回(港)/潜伏4：最后的线索/潜伏4：最后的钥匙/Insidious:Chapter4', '　　《阴儿房第3章：从灵开始》琳雪伊回归饰演超自然心理学家，由《失魂记忆》导演亚当罗勃提尔执导、《阴儿房》系列原创团队之一的雷沃纳尔执笔剧本、鬼才导演温子仁将担任制片，打造极致惊悚的最新经典。 　　《阴儿房第4章：锁命亡灵》不仅将带来恐怖加倍的全新故事，制片规模亦更较以往全面升级，导演受访时表示：「开拍前我甚至派特效师至美国费城一座有两百年历史的废弃监狱考察，我相信唯有体验过那种压迫黑暗且气氛极难承受的环境，我们才能真实呈现出囚禁那种最骇人的场景。」 　　故事讲述，灵媒爱丽丝在一次偶然的案件调查中，却意外将他带回最不愿面对的过往，更被迫面对内心最害怕的秘密，「恐惧是回家唯一的路⋯」。她将被迫「回家」面对内心深处最恐惧的黑暗阴影。 　　在《阴儿房》系列扮演灵媒的琳雪伊无疑是贯穿电影的灵魂角色，全新作品《阴儿房第4章：锁命亡灵》中将揭露更多关于她的背景叙述，琳雪伊表示：... (展开全部) 　　《阴儿房第3章：从灵开始》琳雪伊回归饰演超自然心理学家，由《失魂记忆》导演亚当罗勃提尔执导、《阴儿房》系列原创团队之一的雷沃纳尔执笔剧本、鬼才导演温子仁将担任制片，打造极致惊悚的最新经典。 　　《阴儿房第4章：锁命亡灵》不仅将带来恐怖加倍的全新故事，制片规模亦更较以往全面升级，导演受访时表示：「开拍前我甚至派特效师至美国费城一座有两百年历史的废弃监狱考察，我相信唯有体验过那种压迫黑暗且气氛极难承受的环境，我们才能真实呈现出囚禁那种最骇人的场景。」 　　故事讲述，灵媒爱丽丝在一次偶然的案件调查中，却意外将他带回最不愿面对的过往，更被迫面对内心最害怕的秘密，「恐惧是回家唯一的路⋯」。她将被迫「回家」面对内心深处最恐惧的黑暗阴影。 　　在《阴儿房》系列扮演灵媒的琳雪伊无疑是贯穿电影的灵魂角色，全新作品《阴儿房第4章：锁命亡灵》中将揭露更多关于她的背景叙述，琳雪伊表示：「这次的故事会把很多大家的疑问都解释清楚，例如为何爱丽丝能成为与灵界沟通的角色，以及更多在这种『天赋』下她所承受的苦难与不愿面对的过程，我相信粉丝将会更能同理与对这个角色感到更深的共鸣。」', '5.8', '2432', '99.00', null, null, null, 'w', '2018-04-16 14:22:49', null, '0');
INSERT INTO `film_detail` VALUES ('364', '2017', 'https://img3.doubanio.com/view/photo/s_ratio_poster/public/p2502311890.jpg', null, '相爱相亲', '张艾嘉', '张艾嘉/游晓颖', '张艾嘉/田壮壮/郎月婷/宋宁峰/吴彦姝/耿乐/谭维维/刘若英/王志文/李雪健/马嘉祺/张艺瀚', '1, 5, 4', '中国大陆/台湾', '汉语普通话', '2017-11-03', '120分钟', 'LoveEducation', '　　岳惠英（张艾嘉 饰）的母亲去世之后，惠英最大的念想就是将远葬在乡下的父亲的坟迁回城里，和母亲葬在一起，这个念头让她和父亲的原配姥姥（吴彦姝 饰）之间爆发了巨大的矛盾。迁坟的事成为了惠英的心结，亦让她和丈夫孝平（田壮壮 饰）之间的感情产生了裂痕。 　　惠英的女儿薇薇（朗月婷 饰）是电视台的栏目记者，对姥姥的过去充满了好奇的她将这场“家庭矛盾”搬上了电视，展现在了大众面前，虽然出发点是善意的，可整个事件却愈演愈烈最后变成了一出闹剧。与此同时，薇薇和男友阿达（宋宁峰 饰）之间的感情因为阿达的青梅竹马的出现而遭遇了信任危机，这让她对等了外公一辈子也孤独的生活了一辈子的姥姥产生了莫名的亲近之感。 ©豆瓣', '8.5', '79316', '99.00', null, null, null, 'super', '2018-05-09 16:56:38', null, '0');
INSERT INTO `film_detail` VALUES ('365', '2017', 'https://img3.doubanio.com/view/photo/s_ratio_poster/public/p2505914883.jpg', null, '血观音', '杨雅喆', '杨雅喆', '惠英红/吴可熙/文淇/陈莎莉/丁强/刘尚谦/柯佳嬿/林志儒/王月/温贞菱/王伟六/陈珮骐/尹昭德/大久保麻梨子/巫书维/颜毓麟/刘越逖/傅子纯/陈武康/施名帅/秀兰玛雅/应蔚民/李铨', '1', '台湾', '汉语普通话/粤语/闽南语/日语', '2017-10-15', '112分钟', '修罗花/TheBold,theCorrupt,andtheBeautiful', '　　《血观音》描述在女人组成的棠府里，住着3位不同世代但一样懂人心的女性，由棠夫人（惠英红饰）主持大局，穿梭权贵间，靠着高超手腕与柔软身段，在复杂的政商关系中生存取利；个性如刺猬般的大女儿棠宁（吴可熙饰）为求母亲肯定，勉力配合；乖巧的小女儿棠真（文淇饰）多半静静观察，唯母命是从。直到某天，棠家亲密友人惨遭灭门事件爆发，三人各自被牵扯其中，一向以大局为重的棠夫人，为了守护一切，费尽心机，却让三人走向不同的命运。', '8.0', '14939', '99.00', null, null, null, 'super', '2018-05-09 16:56:36', null, '0');
INSERT INTO `film_detail` VALUES ('366', '2018', 'https://img1.doubanio.com/view/photo/s_ratio_poster/public/p2511659157.jpg', null, '帕德玛瓦蒂王后', '桑杰·里拉·彭萨里', '普拉卡什·卡帕迪亚/桑杰·里拉·彭萨里', '迪皮卡·帕度柯妮/阿努普瑞雅·戈恩卡/兰维尔·辛格/沙希德·卡普尔/阿娣提·拉奥·希达里/吉姆·萨伯/拉萨·默拉德/夏恩·辛格/曼吉特·辛格/帕德曼瓦蒂·拉奥', '1, 5, 24', '印度India', '印度语Hindi', '2018-01-25', '164分钟', 'RaniPadmavati', '　　《帕德玛瓦蒂王后》改编自16世纪一首苏菲史诗《Padmavati》，原是讲述印度战斗民族拉杰普特人王后的史诗，主要描述她为民族和人民对抗外来敌人的故事，其中皇后为了保护自己清誉而自焚。 　　根据16世纪的同名史诗改编，讲述了斯里兰卡公主、拉杰普特人的王后帕德玛瓦蒂的倾城美貌导致德里苏丹发兵攻打她的夫君，欲将她夺为己有。苏丹虽然战胜，却没能得到帕德玛瓦蒂', '7.0', '466', '99.00', null, null, null, 'w', '2018-04-16 14:22:50', null, '0');
INSERT INTO `film_detail` VALUES ('367', '2017', 'https://img1.doubanio.com/view/photo/s_ratio_poster/public/p2494334788.jpg', null, '心灵暖阳', '克莱尔·德尼', 'ChristineAngot/克莱尔·德尼', '朱丽叶·比诺什/热拉尔·德帕迪约/瓦莱丽亚·布鲁尼·泰德斯基/尼古拉斯·迪佛休尔/若西安·巴拉斯科/泽维尔·布瓦/阿莱克斯·德斯卡/布鲁诺·波达里德斯', '1, 17, 5', '法国', '法语', '2017-05-18', '94分钟', '我心渴望的阳光(台)/墨镜/恋人絮语/DarkGlasses/LettheSunshineIn/BrightSunshineIn', null, '6.5', '364', '99.00', null, null, null, null, null, null, '0');
INSERT INTO `film_detail` VALUES ('369', '2018', 'https://img1.doubanio.com/view/photo/s_ratio_poster/public/p2510081688.jpg', null, '三块广告牌', '马丁·麦克唐纳', '马丁·麦克唐纳', '弗兰西斯·麦克多蒙德/伍迪·哈里森/山姆·洛克威尔/艾比·考尼什/卢卡斯·赫奇斯/彼特·丁拉基/约翰·浩克斯/卡赖伯·兰德里·琼斯/凯瑟琳·纽顿/凯瑞·康顿/泽利科·伊万内克/萨玛拉·维文/克拉克·彼得斯/尼克·西塞/阿曼达·沃伦/玛拉雅·瑞沃拉·德鲁/布兰登·萨克斯顿/迈克尔·艾伦·米利甘', '1, 3', '英国/美国', '英语', '2018-03-02', '115分钟', '意外(台)/广告牌杀人事件(港)', '　　米尔德雷德（弗兰西斯·麦克多蒙德 Frances McDormand 饰）的女儿在外出时惨遭奸杀，米尔德雷德和丈夫查理（约翰·哈克斯 John Hawkes 饰）之间的婚姻因此走到了尽头，如今，她同儿子罗比（卢卡斯·赫奇斯 Lucas Hedges饰）过着相依为命的生活。一晃眼几个月过去了，案件仍然没有告破预兆，而警方似乎早已经将注意力从案子上转移了开来。 　　被绝望和痛苦缠绕的米尔德雷德租下了高速公路边上的三块巨型广告牌，在上面控诉警方办案无能，并将矛头直接对准了警察局局长威洛比（伍迪·哈里森 Woody Harrelson 饰）。实际上，威洛比一直隐瞒着自己身患绝症命不久矣的事实。因为这三块广告牌，米尔德雷德和威洛比的生活发生了翻天覆地的变化。 ©豆瓣', '8.7', '241529', '99.00', null, null, null, 'super', '2018-05-09 16:56:37', null, '0');
INSERT INTO `film_detail` VALUES ('370', '2018', 'https://img3.doubanio.com/view/photo/s_ratio_poster/public/p2511560763.jpg', null, '祖宗十九代', '郭德纲', '郭德纲/陈璧瑜', '岳云鹏/吴京/吴秀波/井柏然/林志玲/王宝强/大鹏/吴君如/李晨/杜淳/郑恺/欧弟/张国立/贾乃亮/张俪/马苏/萧敬腾/汪东城/于谦/黄磊/吴樾/孙艺洲/贾玲/谢依霖/孟非/郭麒麟/谢楠/王小利/张晨光/刘蓓/孙越', '17, 18', '中国大陆', '汉语普通话', '2018-02-16', '95分钟', 'TheFacesofMyGene', '　　一个在现实中失意的青年作家小贝（岳云鹏 饰），在现实碰壁而低落的夜晚，经历穿越20世纪初拯救陷入帮派麻烦的祖先、清朝和参加科举考试的先祖共事、明朝与祖先共同御敌、晋朝和祖先一起救世济人、上古与女娲和夸父探讨生命的本源和意义的奇幻旅程。一路见证爱情、收获自信和担当，经历人性的转变而自我成长，奇幻之旅实则他的新书发布，这本书献给他未见过的母亲和祖辈们。', '4.4', '41209', '99.00', null, null, null, 'w', '2018-04-21 18:40:45', null, '0');
INSERT INTO `film_detail` VALUES ('371', '2018', 'https://img3.doubanio.com/view/photo/s_ratio_poster/public/p2508843536.jpg', null, '小森林', '林顺礼', '黄成求', '金泰梨/柳俊烈/文素丽/秦基周', '1', '韩国', '韩语', '2018-02-28', '103分钟(韩国)', '小森食光(台)/LittleForest', '　　改编自五十岚大介的日本同名漫画的韩国新片《小森林》将由林顺礼导演执导，金泰梨主演，这也是她继《小姐》之后的下一部主演作。《小森林》也已经在日本被改编成两部电影作品。 　　电影讲述女主人公放下城市生活来到农村老家感受农村生活的故事，将通过林顺礼导演特有的温情视角描绘韩国的美丽 自然风景和多样的食物，因为春夏秋冬都要有所以拍摄周期约一年。林顺礼对于选择金泰梨也表达了自己的观点“金泰梨在20代女演员中演技实力和自然的魅力是很吸引人的，这个角色很适合她。”', '7.2', '3235', '99.00', null, null, null, 'super', '2018-05-09 16:56:38', null, '0');
INSERT INTO `film_detail` VALUES ('372', '2018', 'https://img1.doubanio.com/view/photo/s_ratio_poster/public/p2511935678.jpg', null, '南极之恋', '吴有音', '吴有音', '赵又廷/杨子姗', '5, 9', '中国大陆', '汉语普通话', '2018-02-01', '117分钟', '南极绝恋/TilltheEndoftheWorld', '　　南极，一场坠机，婚庆公司老板吴富春（赵又廷 饰）和高空物理学家荆如意（杨子姗 饰）相遇，两个毫无共同语言的男女在南极腹地无人区冒险生存75天。在酷寒、没有物质供应、随处都是绝境的环境中，活下去已经变成每一天的最大愿望。在寻找救援的过程中，这对性格水火不容但命运却又相濡以沫的人，敬畏了自然，领悟了爱情。', '6.8', '49774', '99.00', null, null, null, 'super', '2018-05-09 16:56:41', null, '0');
INSERT INTO `film_detail` VALUES ('373', '2018', 'https://img3.doubanio.com/view/photo/s_ratio_poster/public/p2515632084.jpg', null, '大坏狐狸的故事', '本杰明·雷内/帕特里克·英伯特', '本杰明·雷内/让·勒尼奥', '纪尧姆·达尔诺/席琳·荣特/达米安·维特卡/安托万·苏姆斯基/卡梅尔·阿卜德萨多克/克里斯多夫·勒莫因/纪尧姆·布谢德/鲍里斯·雷林格/玛佳丽·罗森茨威格/让·卢·霍维茨/伊夫·阎', '17, 16, 9', '法国/比利时', '法语', '2018-03-16', '83分钟', '谁是大坏狐(台)/大坏狐狸的动物童话/大坏狐狸与其他童话/大坏狐狸与其他故事/TheBigBadFoxandOtherTales...', '　　电影分为三个可爱的小故事。 　　一天，在风景怡人的农场里，小猪、兔子和鸭子见到了一个人类的小宝宝。负责护送小宝宝的鹈鹕拜托三只小动物将宝宝平安的送到他的人类母亲的手中，就这样，三只有些脱线的动物踏上了旅途。 　　大坏狐狸一心想要将肥美的母鸡当做自己的盘中餐，无奈母鸡太过强大，狐狸根本不是她的对手。既然打不过母鸡，狐狸将“魔爪”伸向了母鸡正在孵的三枚鸡蛋，狐狸决定将这三只小鸡孵出来养大之后再把他们一一吃掉。然而，三只小鸡似乎将狐狸当成了他们的妈妈，亦以为他们自己也是狐狸。 　　圣诞节就快要来了，农场里的动物们都欢天喜地的准备迎接圣诞老人的到来。然而，鸭子和兔子却在一场意外之中“杀死”的圣诞老人。 ©豆瓣', '8.2', '17855', '99.00', null, null, null, 'super', '2018-05-09 16:56:38', null, '0');
INSERT INTO `film_detail` VALUES ('374', '2017', 'https://img3.doubanio.com/view/photo/s_ratio_poster/public/p2499148863.jpg', null, '茉莉牌局', '艾伦·索金', '艾伦·索金/茉莉·布鲁姆', '杰西卡·查斯坦/伊德里斯·艾尔巴/凯文·科斯特纳/迈克尔·塞拉/杰瑞米·斯特朗/克里斯·奥多德/J.C.麦肯泽/布莱恩·达西·詹姆斯/比尔·坎普/格雷厄姆·格林/贾斯汀·柯克/安格拉·戈茨/娜塔莉·科瑞尔/斯蒂芬妮·赫菲尔德/麦迪逊·麦金利/乔·基瑞/迈克尔·卡斯洛夫/克莱尔·兰金/乔恩·巴斯/萨曼莎·伊斯莱尔/马修·德斯里普/杰克博·布莱尔/克里斯·博伊尔/瑞秋·斯盖顿/摩根·大卫·琼斯', '1, 15', '美国/中国大陆/加拿大', '英语', '2017-09-08', '140分钟', '茉莉的牌局/决胜女王(台)/莫莉游戏(港)', '　　著名编剧艾伦·索金（Aaron Sorkin）即将转行做导演，而他导演的第一部电影是《茉莉的牌局》（Molly’s Game），该片根据真人真事创作，讲述了“扑克公主”茉莉·布鲁姆（Molly Bloom）的故事。 　　茉莉·布鲁姆（Molly Bloom）年轻时专注滑雪，水平在世界上排在前列。然而在奥运会选拔中她不幸名落孙山，之后她决定在读法律学院之前给自己一年的假，于是就跑去洛杉矶当了女招待，结果迷上了开设赌局，凭借自己的聪明头脑，茉莉在八年间通过开设赌局赚了数百万美元。来她赌局的都是一些好莱坞巨星和富豪巨贾，包括本·阿弗莱克、莱奥纳多·迪卡普里奥等。 　　《茉莉的牌局》将根据茉莉·布鲁姆本人2014年出版的回忆录改编，索尼公司将负责制作和发行。', '7.2', '10668', '99.00', null, null, null, 'super', '2018-05-09 16:56:39', null, '0');
INSERT INTO `film_detail` VALUES ('375', '2018', 'https://img3.doubanio.com/view/photo/s_ratio_poster/public/p2508618114.jpg', null, '移动迷宫3：死亡解药', '韦斯·鲍尔', 'T·S·诺林/詹姆斯·达什纳', '迪伦·奥布莱恩/卡雅·斯考达里奥/李起弘/托马斯·布罗迪-桑斯特/罗莎·萨拉查/德克斯特·达登/艾丹·吉伦/威尔·保尔特/吉安卡罗·埃斯波西托/沃尔顿·戈金斯/派翠西娅·克拉克森', '2, 8, 9', '美国', '英语', '2018-01-26', '142分钟', '移动迷宫3/死亡解药/TheDeathCure', '　　托马斯（迪伦·奥布莱恩饰）率领的林间斗士在经历了迷宫逃脱和末日丧尸的生死考验后，终于迎来最后的正邪较量。由托马斯、纽特（托马斯·桑斯特饰）等人领军的营救团队，耗时三年筹划营救被抓走的米诺，却意外地发现米诺不在劫获的那截火车上。经调查得知，米诺深陷在WCKD组织的控制之中，托马斯和纽特毅然决定起身前往被称为“最后之都”的人类最后净土，更不惜利用背叛林间斗士投身WCKD的特蕾莎（卡雅·斯考达里奥饰）闯入WCKD，营救米诺和其他人。', '5.4', '31725', '99.00', null, null, null, 'super', '2018-05-09 16:56:39', null, '0');
INSERT INTO `film_detail` VALUES ('376', '2017', 'https://img3.doubanio.com/view/photo/s_ratio_poster/public/p2452537144.jpg', null, '小丑回魂', '安德斯·穆斯切蒂', '蔡斯·帕默/凯瑞·福永/加里·多伯曼/斯蒂芬·金', '比尔·斯卡斯加德/杰顿·李博赫/杰里米·雷·泰勒/索菲娅·莉莉丝/菲恩·伍法德/乔森·雅各布/杰克·迪伦·格雷泽/瓦耶特·奥莱夫/杰克逊·罗伯特·斯科特/尼古拉斯·汉密尔顿/杰克·辛/洛根·汤普森/欧文·泰格/斯蒂夫·博加尔特/斯图尔特·休斯/杰弗里·庞塞特/皮普·德怀尔/莫莉·阿特金森/史蒂文·威廉姆斯/伊丽莎白·桑德斯/梅根·查彭提尔/安东尼·尤埃西/哈维尔·博泰特/伊莎贝尔·内利瑟/尼尔·克容', '1, 13, 21', '美国/加拿大', '英语', '2017-08-29', '135分钟', '它(台)/It:ChapterOne', '　　1989年，位于缅因州的德里市，正被恐怖的阴影所笼罩。从上一年开始，儿童失踪案接连发生，似乎某个可怕的未知存在悄然来到了人们中间。痛失弟弟的少年比利（杰顿·李博赫 Jaeden Lieberher 饰），决定和艾迪、瑞奇、史丹利等伙伴利用暑假寻找弟弟乔治的下落。不久之后，遭小坏蛋们欺负的小胖子本、被疯传放荡的坏女孩贝弗莉以及父母死于大火的孤儿麦克相继加入这个受到嗤笑的窝囊废联盟。在这一过程中，他们经历了一连串的超自然的恐怖体验。少年们发现，在这个被诅咒的城市，每隔27年非正常死亡人数就会飙升。狞笑着的小丑（比尔·斯卡斯加德 Bill Skarsgård 饰），深入每个人的心底，挖掘他们最恐惧的部分…… 　　本片根据斯蒂芬·金的同名原著改编。 ©豆瓣', '7.3', '77871', '99.00', null, null, null, 'super', '2018-05-09 16:56:39', null, '1');
INSERT INTO `film_detail` VALUES ('427', '2018', 'https://img3.doubanio.com/view/photo/s_ratio_poster/public/p2509782231.jpg', null, '贼巢', '克里斯蒂安·古德加斯特', '克里斯蒂安·古德加斯特/保罗·舒尔灵', '杰拉德·巴特勒/巴勃罗·施瑞博尔/小奥谢拉·杰克逊/50分/梅多·威廉姆斯/莫里斯·孔特/布莱恩·范·霍尔特/伊万·琼斯/莫·麦克雷/凯维·莱曼-默塞尤/道恩·奥利弗瑞/艾瑞克·布里登/约旦·布里奇斯/刘易斯·谭/库珀·安德鲁斯', '2, 7, 3', '美国', '英语', '2018-01-19', '140分钟', '极盗战(台)/贼斗(港)', '　　从未被劫的银行，三千万无记认钞票，引爆连环盗计。一群以梅雷亚（巴勃罗·施瑞博尔 饰）为首的高智罪犯，手法高超、火力强横、而且沉迷打劫；纵使犯案累累，却甚少破绽，令警方束手无策。一次押款车劫案后，他们的党羽唐尼（奥谢拉·杰克逊 饰）被辣手神探尼克（杰拉德·巴特勒 饰）识破，更从他身上知道匪帮下一个目标，是攻破从未遇劫的洛杉矶联邦储备银行，从中盗取三千万即将销毁的旧钞！于是尼克布下天罗地网，想趁机把他们一网成擒。然而，魔高一丈；梅雷亚以声东击西之法，引开警方注意。尼克错失擒获他们的良机，唯有尾随追击，双方展开连场枪战。虽然最终截获贼匪，但赃款竟全数不翼而飞！局中有局，究竟谁是取得巨款的幕后赢家？', '7.1', '1308', '99.00', null, 'w', '2018-04-16 13:58:12', 'super', '2018-05-09 16:56:40', null, '0');
INSERT INTO `film_detail` VALUES ('428', '2018', 'https://img1.doubanio.com/view/photo/s_ratio_poster/public/p2515650989.jpg', null, '水形物语', '吉尔莫·德尔·托罗', '吉尔莫·德尔·托罗/瓦内莎·泰勒', '莎莉·霍金斯/道格·琼斯/迈克尔·珊农/理查德·詹金斯/奥克塔维亚·斯宾瑟/迈克尔·斯图巴/大卫·休莱特/尼克·西塞/斯图尔特·阿诺特/尼格尔·本内特/劳伦·李·史密斯/马丁·罗奇/阿莱格拉·富尔顿/约翰·卡普洛斯/摩根·凯利/马文·凯伊/德鲁·维尔戈维尔', '1, 5, 18', '美国', '英语/美国手语/俄语', '2018-03-16', '123分钟', '忘形水(港)/水底情深(台)/水形奇缘/水之形/水的形状/水无常形', '　　故事发生在1963年，时值冷战期间，哑女艾丽莎（莎莉·霍金斯 Sally Hawkins 饰）在政府实验室里工作，是那里的一名清洁女工。年幼时，一场大病夺走了艾丽莎的声音，之后一直至今，她都在沉默之中过着形单影只的生活，全部的朋友就只有画家老头（尼克·西塞 Nick S earcy 饰）和同事塞尔达（奥克塔维亚·斯宾瑟 Octavia Spencer 饰）。 　　一天，实验室里拉响了高度戒备的警报，一个神秘的装满了水的罐子被送了进来，艾丽莎震惊的发现，罐子里关着一个半人半鱼的怪异生物。在理查德（迈克尔·珊农 Michael Shannon 饰）的带领下，科学家团队想要在这怪物身上提炼出能够制造生物武器的物质，可是在艾丽莎眼中，它不过是一个和自己一样的孤独的生命体。随着时间的推移，艾尔莎和怪物之间竟然产生了感情。 ©豆瓣', '7.2', '188009', '99.00', null, 'w', '2018-04-16 13:58:12', 'super', '2018-05-09 16:56:37', null, '0');
INSERT INTO `film_detail` VALUES ('429', '2018', 'https://img3.doubanio.com/view/photo/s_ratio_poster/public/p2504300654.jpg', null, '五十度飞', '詹姆斯·弗雷', 'E·L·詹姆斯/尼尔·伦纳德', '达科塔·约翰逊/詹米·多南/阿莉尔·凯贝尔/埃里克·约翰逊/瑞塔·奥拉/卢克·葛莱姆斯/布兰特·道格尔迪/泰勒·霍奇林/马克斯·马蒂尼/劳拉·雅各布斯/费伊·马斯特森', '1, 5, 33', '美国', '英语', '2018-02-09', '105分钟/110分钟(未分级版)', '五十度灰3/格雷的五十道色戒3(港)/格雷的五十道阴影：自由(台)/五十度自由', '　　年度争议大作《五十度灰》即将在2月13日北美上映，近日，导演萨姆·泰勒-约翰逊，主演詹米·多南和达科塔·约翰逊在纽约一场影片粉丝放映会上，向到场的观众宣布了《五十度灰2》和《五十度灰3》已经确定拍摄的消息。 　　据MTV透露，《五十度灰2》和《五十度灰3》将根据E.L.詹姆斯所著的《 五十度黑》（《Fifty Shades Darker》）和《五十度飞》（《Fifty Shades Freed》）改编，达科塔·约翰逊饰演女主角安娜斯塔西娅·斯蒂尔也将再次登上大银幕。', '5.2', '5318', '99.00', null, 'w', '2018-04-16 13:58:13', 'super', '2018-05-09 16:56:39', null, '0');
INSERT INTO `film_detail` VALUES ('430', '2017', 'https://img3.doubanio.com/view/photo/s_ratio_poster/public/p2497206856.jpg', null, '亚人 真人版', '本广克行', '濑古浩司/山浦雅大/樱井画门', '佐藤健/玉山铁二/城田优/千叶雄大/川荣李奈/山田裕贵/滨边美波/品川祐/吉行和子/绫野刚/铃村健一/宫野真守', '1, 2, 18', '日本', '日语', '2017-09-30', '', ':本广克行编剧:濑古浩司/山浦雅大/樱井画门主演:佐藤健/玉山铁二/城田优/千叶雄大/川荣李奈/山田裕贵/滨边美波/品川祐/吉行和子/绫野刚/铃村健一/宫野真守类型:剧情/动作/奇幻官方网站:ajin-movie.com制片国家/地区:日本语言:日语上映日期:2017-09-30(日本)片长:109分钟IMDb链接:tt6215712', '　　实习医生永井圭（佐藤健 饰）在车祸中意外发现自己拥有不死之身，是传说中的「亚人」。他随即遭到政府机关追捕，被送往研究所进行非人道实验，反复经历死亡的痛苦，与政府声称会保护亚人的事实完全不符。另一亚人佐藤（绫野刚 饰）残忍杀害研究所人员，把永井救出，游说他并肩发起武力革命，向政府争取成立亚人自治区。永井极不认同佐藤的暴力手段，但眼见一场腥风血雨已经来袭，他不得再置身事外，两个不死人之间的血战一触即发！', '6.8', '2907', '99.00', null, 'w', '2018-04-16 13:58:13', 'w', '2018-04-21 18:40:45', null, '0');
INSERT INTO `film_detail` VALUES ('431', '2017', 'https://img1.doubanio.com/view/photo/s_ratio_poster/public/p2498433749.jpg', null, '我能说', '金炫锡', '金炫锡', '罗文姬/李帝勋/廉惠兰/朴哲民/李尚熙/李知勋/郑妍周/金素真', '17', '韩国', '韩语/英语', '2017-09-21', '119分钟', '花漾奶奶秀英文(台)/不能说的故事…(港)/ICanSpeak', '　　讲述的是性格耿直爱打抱不平的热血信访女士通过向极具原则性的9级公务员学习英语的过程中，逐渐学会讲英语的同时两个人的心扉也逐渐打开成为忘年之交的故事。', '8.8', '31898', '99.00', null, 'w', '2018-04-16 13:58:14', 'super', '2018-05-09 16:56:39', null, '0');
INSERT INTO `film_detail` VALUES ('432', '2017', 'https://img1.doubanio.com/view/photo/s_ratio_poster/public/p2476693368.jpg', null, '每分钟120击', '罗宾·坎皮略', '罗宾·坎皮略/菲利普·芒朱', '纳威尔·佩雷兹·毕斯卡亚特/阿诺德·瓦卢瓦/阿黛拉·哈内尔/安托万·赖纳茨/阿里尔·博伦斯坦/费利克斯·马利陶德/阿罗伊斯·索维奇/西蒙·博尔加德/梅迪·图尔/西蒙·古拉/科拉莉·吕西耶/凯瑟琳·维纳提尔/莎迪娅·本太耶布/让-弗朗索瓦·奥古斯特/塞缪尔·丘林', '1, 14', '法国', '法语', '2017-05-20', '140分钟', '心动120(港)/BPM(台)/心跳120/120拍的节奏/120BeatsPerMinute/BPM(BeatsPerMinute)', '　　故事发生在九十年代初期，彼时艾滋病肆虐，一个名为“ACT UP”的民间公益组织走到了公众的视线之前，其中汇聚的除了同性恋群体外，还有身患艾滋病等待着医疗救助的病人们。组织希望能够通过一些过激的社会活动来激起民众和政府医药部门的关注。 　　内森（阿诺德·瓦卢瓦 Arnaud Valois 饰）是刚刚加入了组织的新人，在这里，他结识了名为西恩（纳威尔·佩雷兹·毕斯卡亚特 Nahuel Pérez Biscayart 饰）的活跃成员。随着时间的推移，两人之间渐渐产生了感情。西恩身患重病，病情在不断的恶化，但即便如此，他还是积极的投入到了抗争的潮流之中。在此过程中，内森的角色从一个情人渐渐向照拂者转变，他对西恩，以及对ACT UP组织的感情也经历着翻天覆地的变化。 ©豆瓣', '8.3', '18491', '99.00', null, 'w', '2018-04-16 13:58:14', 'super', '2018-05-09 16:56:40', null, '0');
INSERT INTO `film_detail` VALUES ('433', '2017', 'https://img1.doubanio.com/view/photo/s_ratio_poster/public/p2490948849.jpg', null, '大护法', '不思凡', '不思凡', '小连杀/图特哈蒙/金士杰/幽舞越山/李佳怡/李兰陵/郭盛/叶知秋/佟心竹/邢凯新/藤新/郝祥海', '17, 16, 18, 9', '中国大陆', '汉语普通话', '2017-07-13', '95分钟', '大护法之黑花生/Dahufa', '　　为了寻找下落不明的太子（图特哈蒙 配音），大护法（小连杀 配音）来到了一个诡异而又古怪的小镇上，在那里居住着一群不会说话的花生人，它们夜夜点燃来路不明的油灯，将天上漂浮的巨大花生熏得黑漆漆的。 　　大护法在镇上找到了藏匿在此的太子，并遇见了一直在保护着太子的小鸣（幽舞越山 配音）和会说话的花生人小姜（李兰陵 配音），在大护法的威逼利诱之下，太子同意跟他回去继承王位，却在半路上遭到了绑架。在解救太子的过程中，大护法渐渐解开了这个小镇上隐藏的骇人谜团，与此同时，他的强大宿敌亦在身后步步紧逼，企图将他置于死地而后快。 ©豆瓣', '7.8', '194477', '99.00', null, 'w', '2018-04-16 13:58:14', 'super', '2018-05-09 16:56:40', null, '0');
INSERT INTO `film_detail` VALUES ('434', '2018', 'https://img3.doubanio.com/view/photo/s_ratio_poster/public/p2512204463.jpg', null, '灵魂摆渡·黄泉', '巨兴茂', '小吉祥天', '于毅/何花/王瑞昌/岳丽娜/倪虹洁/巨兴茂/鲁佳妮', '6, 7, 18', '中国大陆', '汉语普通话', '2018-02-01', '111分钟', '灵魂摆渡大电影/灵魂摆渡电影版/灵魂摆渡·黄泉篇', '　　黄泉八百里沙海，寂寞荒凉，无花无叶。少女三七作为这黄泉中的最后一任孟婆，被冥王阿茶指婚给鬼差赵吏。三七性格憨傻，样貌枯槁，情窦未开，遭到了赵吏的拒绝。她日日独守在空旷的土堡内，熬着苦涩的孟婆汤，只与一株将死未死的曼珠沙华相伴。直到那一日，一个名叫长生的少年，误打误撞闯进了孟婆庄……', '7.2', '33185', '99.00', null, 'w', '2018-04-16 13:58:14', 'super', '2018-05-09 16:56:40', null, '0');
INSERT INTO `film_detail` VALUES ('435', '2018', 'https://img3.doubanio.com/view/photo/s_ratio_poster/public/p2510825300.jpg', null, '公牛历险记', '卡洛斯·沙尔丹哈', '罗伯特·L·贝尔德/蒂姆·费德勒尔/布拉德·科普兰/罗恩·伯奇/大卫·基德/唐·莱默/曼罗·里夫/罗伯特·劳森', '约翰·塞纳/凯特·麦克金农/莉莉·戴/鲍比·坎纳瓦尔/安东尼·安德森/大卫·田纳特/吉娜·罗德里格兹/戴维德·迪格斯/加布里埃尔·伊格莱西亚斯/杰洛德·卡尔迈克/劳尔·埃斯帕扎/米格尔·安赫尔·西尔维斯特/弗卢拉·博格/莎莉·菲利普斯/波瑞斯·科乔/杰克·戈尔/杰特·尤尔根斯米尔/奈尔·迪亚兹/科林·H·墨菲/卡洛斯·沙尔丹哈/杰瑞米·西斯托/路易斯·卡洛斯·德拉·隆巴纳/胡安内斯/茱莉亚·斯卡帕·萨尔达尼亚/拉斐尔·斯卡帕·萨尔达尼亚/卡拉·马丁内斯/乔迪·卡巴勒罗/玛丽亚·佩拉莫尔/娜扎宁·霍马/安德烈亚斯·A·埃斯帕萨/詹姆斯·帕伦博/伯纳多·德·保拉/贝莉塔·莫里诺/蒂姆·诺德奎斯特/阿尔瓦罗·门多萨/卡洛斯·雷格-普拉扎/辛迪·斯拉特里/杰森·弗里基奥内/苏珊娜·巴列斯特罗斯/安娜·帕特丽夏·加梅斯', '17, 16, 9', '美国', '英语', '2018-01-19', '108分钟', '萌牛费迪南(台)/快D啦牛牛(港)/费迪南德的故事/公牛费迪南德/小牛费迪南/TheStoryofFerdinand', '　　影片根据曼罗·里夫1936年经典童书《爱花的牛》改编，讲述西班牙一头名为“费迪南德”（约翰·塞纳 John Cena 配音）的公牛的爆笑历险故事。费迪南德体型健壮，但却心地善良性格温和，它被误认为是危险的野兽，从而被捕送往他乡被逼做一只“斗牛”。为回到家人身边，他不得不踏上了一场终极冒险旅程……', '7.3', '23026', '99.00', null, 'w', '2018-04-16 13:58:14', 'w', '2018-04-27 16:14:16', null, '0');
INSERT INTO `film_detail` VALUES ('436', '2017', 'https://img3.doubanio.com/view/photo/s_ratio_poster/public/p2499792043.jpg', null, '王牌特工2：黄金圈', '马修·沃恩', '简·古德曼/马修·沃恩/马克·米勒/戴夫·吉布森', '塔伦·埃格顿/科林·费尔斯/马克·斯特朗/朱丽安·摩尔/埃尔顿·约翰/爱德华·霍尔克罗夫特/哈莉·贝瑞/佩德罗·帕斯卡/查宁·塔图姆/杰夫·布里吉斯/迈克尔·刚本/索菲·库克森/汉娜·奥斯特罗姆/比约恩·格拉纳特/莱娜·恩卓/波比·迪瓦伊/汤姆·本尼迪克·奈特/托马斯·图尔格斯/基思·艾伦/艾米丽·沃森/布鲁斯·格林伍德/戈登·亚历山大/马丁·福特/明格斯·约翰斯顿', '17, 2, 9', '英国/美国', '英语', '2017-10-20', '141分钟/139分钟(中国大陆)', '王牌特工2/皇家特工：金圈子(港)/金牌特务：机密对决(台)/王牌特工2：黄金圆环/王牌特工：黄金圈/Kingsman2', '　　时光飞逝，一转眼，艾格西（塔伦·埃格顿 Taron Egerton 饰）已经成长为了一名出色而又可靠的特工，他和蒂尔德公主（汉娜·阿尔斯托姆 Hanna Alström 饰）之间的感情也愈演愈浓，两人眼看着就要携手步入婚姻的殿堂。就在这个节骨眼上，前特工查理（爱德华·霍尔克罗夫特 Edward Holcroft 饰）杀了回来，如今的他效力于一个名为“黄金圈”的贩毒组织，组织头目波比（朱丽安·摩尔 Julianne Moore 饰）是一个邪恶而又野心勃勃的女人。 　　查理查出了金士曼的所有据点，用导弹将它们全部摧毁。幸存的艾格西和梅林（马克·斯特朗 Mark Strong 饰）千里迢迢远赴美国，向潜伏在那里的联邦特工寻求帮助。波比种植了一种含有毒素的大麻，将它们输送往世界各地，当瘾君子们体内的毒素渐渐发作后，波比以此为筹码，正式向政府宣战。 ©豆瓣', '7.0', '193964', '99.00', null, 'w', '2018-04-16 13:58:14', 'super', '2018-05-09 16:56:41', null, '0');
INSERT INTO `film_detail` VALUES ('437', '2017', 'https://img1.doubanio.com/view/photo/s_ratio_poster/public/p2461817818.jpg', null, 'JOJO的奇妙冒险：不灭钻石 第一章', '三池崇史', '荒木飞吕彦/江良至', '山崎贤人/神木隆之介/小松菜奈/冈田将生/新田真剑佑/山田孝之/伊势谷友介/观月亚理莎/国村隼', '2, 18, 9', '日本', '日语', '2017-08-04', '119分钟', 'JOJO的冒险奇遇', '　　荒木飞吕彦漫画《JOJO的奇妙冒险》第四部将拍真人电影，三池崇史执导，山崎贤人、神木隆之介、小松菜奈、冈田降生、真剑佑、山田孝之、伊势谷友介出演。原作因其天马行空的世界观而大受欢迎，先后被改编成动漫、游戏，此次也是东宝、华纳的首次合作。电影将于明年夏季在日本上映。', '5.7', '1715', '99.00', null, 'w', '2018-04-16 13:58:14', 'w', '2018-04-16 14:22:49', null, '0');
INSERT INTO `film_detail` VALUES ('438', '2017', 'https://img3.doubanio.com/view/photo/s_ratio_poster/public/p2505160594.jpg', null, '暴雪将至', '董越', '董越', '段奕宏/江一燕/杜源/郑伟/郑楚一/张林', '1, 6, 3', '中国大陆', '汉语普通话', '2017-11-17', '120分钟', 'TheLoomingStorm/TheStormLooming', '　　故事发生在二十世纪九十年代的一座小城之中，接连发生的杀人案表明，有一个凶恶而又冷血的连环杀手潜伏在这座阴雨连绵的城市之中，而且此人极有可能是当地一座工厂里的内部人员。余国伟（段奕宏 饰）是工厂保卫科干事，因为多次破获了工厂里的盗窃案件而被人们称为“余神探”。 　　杀人案发生后，余国伟感到自己有责任为了调查案件的真相而贡献出一份力量，殊不知在刑侦队队长老张（杜源 饰）和李警官（郑楚一 饰）眼中，余国伟只是一个笑话一样的存在。余国伟决定凭借自己的力量调查案件的真相，并在一场意外中结识了名叫燕子（江一燕 饰）的女子。余国伟和燕子之间产生了压抑而又微妙的感情。 ©豆瓣', '7.0', '67720', '99.00', null, 'w', '2018-04-16 13:58:14', 'super', '2018-05-09 16:56:40', null, '0');
INSERT INTO `film_detail` VALUES ('439', '2017', 'https://img3.doubanio.com/view/photo/s_ratio_poster/public/p2504027804.jpg', null, '正义联盟', '扎克·施奈德', '扎克·施奈德/克里斯·特里奥/乔斯·韦登/比尔·芬格/鲍勃·凯恩/乔·舒斯特/杰里·西格尔/威廉·马斯顿', '本·阿弗莱克/亨利·卡维尔/盖尔·加朵/埃兹拉·米勒/杰森·莫玛/雷·费舍尔/杰瑞米·艾恩斯/艾米·亚当斯/戴安·琳恩/康妮·尼尔森/J·K·西蒙斯/塞伦·希德/艾梅柏·希尔德/乔·莫顿/丽莎·洛文·孔斯利/大卫·休里斯/迈克尔·麦克埃尔哈顿/理查德·克里弗特/英格瓦·埃盖特·西古德松/比利·克鲁德普/赛吉·康斯坦斯/乔·曼根尼罗/杰西·艾森伯格', '2, 8, 18, 9', '美国', '英语/冰岛语/俄语', '2017-11-17', '120分钟', 'TheJusticeLeaguePartOne/JusticeLeagueMortal/JusticeLeagueofAmerica', '　　受到超人无私奉献的影响，蝙蝠侠重燃了对人类的信心，接受了新盟友——神奇女侠（戴安娜·普林斯）的帮助，去对抗更加强大的敌人。蝙蝠侠和神奇女侠一同寻找并招募了一支超人类联盟来抵挡新觉醒的威胁。但尽管这支队伍集结了超人、蝙蝠侠、神奇女侠、闪电侠、海王和钢骨等人，他们似乎无法阻止敌人对地球的进攻……', '6.6', '147877', '99.00', null, 'w', '2018-04-16 13:58:15', 'super', '2018-05-09 16:56:41', null, '0');
INSERT INTO `film_detail` VALUES ('440', '2017', 'https://img1.doubanio.com/view/photo/s_ratio_poster/public/p2499793218.jpg', null, '羞羞的铁拳', '宋阳/张吃鱼', '张吃鱼/宋阳', '艾伦/马丽/沈腾/田雨/宋阳/薛皓文/常远/黄才伦/王智', '17, 18', '中国大陆', '汉语普通话', '2017-09-30', '100分钟', 'NeverSayDie', '　　靠打假拳混日子的艾迪生（艾伦 饰），本来和正义感十足的体育记者马小（马丽 饰）是一对冤家，没想到因为一场意外的电击，男女身体互换。性别错乱后，两人互坑互害，引发了拳坛的大地震，也揭开了假拳界的秘密，惹来一堆麻烦，最终两人在“卷莲门”副掌门张茱萸（沈腾 饰）的指点下，向恶势力挥起了羞羞的铁拳。', '7.0', '343177', '99.00', null, 'w', '2018-04-16 13:58:15', 'super', '2018-05-09 16:56:41', null, '0');
INSERT INTO `film_detail` VALUES ('441', '2018', 'https://img3.doubanio.com/view/photo/s_ratio_poster/public/p2512596311.jpg', null, '妮娜', '欧嘉·查达斯', '欧嘉·查达斯/马尔塔·科纳泽斯加', '朱莉娅·基乔斯卡/伊莱扎·莱辛姆波/安德烈·卡诺普卡/卡塔兹娜·格尼夫克斯加/塔蒂阿娜·保霍福娃/玛丽亚·佩斯泽克', '1, 5, 14', '波兰', '波兰语/法语', '2018-01-28', '', ':欧嘉·查达斯编剧:欧嘉·查达斯/马尔塔·科纳泽斯加主演:朱莉娅·基乔斯卡/伊莱扎·莱辛姆波/安德烈·卡诺普卡/卡塔兹娜·格尼夫克斯加/塔蒂阿娜·保霍福娃/玛丽亚·佩斯泽克类型:剧情/爱情/同性制片国家/地区:波兰语言:波兰语/法语上映日期:2018-01-28(鹿特丹电影节)片长:130分钟IMDb链接:tt7461300', '　　les题材影片。妮娜，一名30岁的中年教师，她希望和丈夫要一个自己的孩子，但因为生育原因不得不找一位代孕妈妈，看起来，她和丈夫一起找到了理想的候选人，但是妮娜却爱上了那个可能生下她的孩子的女人。', '7.2', '701', '99.00', null, 'w', '2018-04-16 13:58:15', 'w', '2018-04-16 14:22:49', null, '0');
INSERT INTO `film_detail` VALUES ('442', '2017', 'https://img3.doubanio.com/view/photo/s_ratio_poster/public/p2494096554.jpg', null, '猩球崛起3：终极之战', '马特·里夫斯', '马特·里夫斯/马克·鲍姆贝克/里克·杰法/阿曼达·斯尔沃/皮埃尔·布尔', '安迪·瑟金斯/伍迪·哈里森/史蒂夫·茨恩/卡琳·考诺娃/阿米尔·米勒/泰瑞·诺塔里/泰·奥尔森/迈克尔·亚当思韦特/托比·凯贝尔/加布里埃尔·查瓦里亚/朱迪·格雷尔/莎拉·坎宁/德文·达尔顿/阿莱克斯·潘诺维奇/亚历桑德罗·朱利安尼/马克斯·洛伊德-琼斯/蒂莫西·韦伯', '1, 2, 8', '美国', '英语/美国手语', '2017-09-15', '140分钟', '猩球崛起：终极决战(台)/猿人争霸战：猩凶巨战(港)/猩球大战：猿力觉醒(豆友译名)/猩球崛起3/人猿猩球3/PlanetoftheApes3', '　　凯撒（安迪·瑟金斯 饰）领导的猿族将被迫与残暴的Colonel（伍迪·哈里森 饰）领导的人类军队上演一场生死大战。猿族在战斗中遭遇了前所未有的重创，由此激发了凯撒内心中黑暗的一面，心中燃起复仇的烈火。最终，凯撒与Colonel面对面进行了一场关乎猿族和人类命运的终极之战。', '6.9', '126364', '99.00', null, 'w', '2018-04-16 13:58:15', 'w', '2018-04-27 16:14:16', null, '0');
INSERT INTO `film_detail` VALUES ('443', '2017', 'https://img3.doubanio.com/view/photo/s_ratio_poster/public/p2492869971.jpg', null, '心理罪', '谢东燊', '顾小白/李昭/曹晨/雷米', '廖凡/李易峰/万茜/李纯/张国柱/谢君豪/封佳奇/蔡鹭/虞朗/范湉湉', '2, 6, 3', '中国大陆', '汉语普通话', '2017-08-11', '110分钟', '心理罪大电影/GuiltyofMind', '　　一杯人血牛奶，为何会对人产生致命诱惑？ 　　什么样的扭曲心理才会为之痴狂，甚至不惜接二连三，连环杀人？ 　　非同寻常的杀手，超越常理的罪案，需要非同一般的警探。 　　年轻气盛的犯罪心理学高材生方木（李易峰 饰）出手相助，却被卷入其中； 　　身手不凡的野兽派刑警队长邰伟（廖凡 饰）嫉恶如仇，却难以走出内心泥沼。 　　两人联手，却成绝妙拍档！ 　　一场身手的较量，心智的角逐，随之展开……', '5.1', '79571', '99.00', null, 'w', '2018-04-16 13:58:15', 'w', '2018-04-27 16:14:16', null, '0');
INSERT INTO `film_detail` VALUES ('444', '2017', 'https://img3.doubanio.com/view/photo/s_ratio_poster/public/p2506228506.jpg', null, '心理罪之城市之光', '徐纪周', '徐纪周/雷米', '邓超/阮经天/刘诗诗/文淇/林嘉欣/郭京飞/雷米/马苏', '2, 6, 3', '中国大陆/香港', '汉语普通话', '2017-12-22', '124分钟', '心理罪·城市之光/城市之光/缉凶者/TheLiquidator', '　　一起连环凶杀案掀起了城市的狂欢与躁动，数起案件中受害者均遭虐待致死，且充满仪式感，所有线索都与一个人有关——精通犯罪心理学的天才神探方木（邓超 饰）。在与同事米楠（刘诗诗 饰）调查案件时，方木发现曾经是自己高中同学的江亚（阮经天 饰）似乎深藏很多秘密。此时网络上出现名为“城市之光”的用户，以发起投票的方式让大众决定律师任川（郭京飞 饰）的生死，方木、米楠等警察虽然用尽一切办法，依然无法阻止这场“以暴制暴”的黑暗审判，这座城市陷入了混乱的旋涡。紧要关头，方木觉察到江亚的妻子魏巍（林嘉欣 饰）竟然是解锁江亚秘密的重要证人，就在真相即将大白的关键时刻，一场惊人变故突如其来.....', '6.1', '68193', '99.00', null, 'w', '2018-04-16 13:58:15', 'super', '2018-05-09 16:56:41', null, '0');
INSERT INTO `film_detail` VALUES ('445', '2018', 'https://img1.doubanio.com/view/photo/s_ratio_poster/public/p2507996618.jpg', null, '炸弹之城', 'JamesonBrooks', 'JamesonBrooks', 'DaveDavis/格伦·莫肖尔/罗根·霍夫曼/罗蕾莱·林克莱特/艾迪·哈塞尔/HenryKnotts/多米尼克·瑞恩/LukeShelton/米密·伦弗罗/MichaelSeitz/LukasTermin/AudreyGerthoffer/MajorDodge/玛丽莲·曼森', '1, 2, 3', '', '', '2018-02-09', '', ':JamesonBrooks编剧:JamesonBrooks主演:DaveDavis/格伦·莫肖尔/罗根·霍夫曼/罗蕾莱·林克莱特/艾迪·哈塞尔/HenryKnotts/多米尼克·瑞恩/LukeShelton/米密·伦弗罗/MichaelSeitz/LukasTermin/AudreyGerthoffer/MajorDodge/玛丽莲·曼森类型:剧情/动作/犯罪制片国家/地区:美国上映日期:2018-02-09(美国)片长:95分钟IMDb链接:tt4351548', '　　一群来自德州小镇的朋克青年为了反抗社会，以及命运开始了一系列行动。', '7.1', '749', '99.00', null, 'w', '2018-04-16 13:58:15', 'w', '2018-04-16 14:22:49', null, '0');
INSERT INTO `film_detail` VALUES ('446', '2017', 'https://img3.doubanio.com/view/photo/s_ratio_poster/public/p2494275431.jpg', null, '闪光少女', '王冉', '鲍鲸鲸', '徐璐/彭昱畅/刘泳希/鲁照华/韩忠羽/李诺/骆明劼/陈雨锶/乐思宏/崔可法/陆建艺/陈奕迅/汤甄/闫妮/耿乐', '17, 11', '中国大陆', '汉语普通话', '2017-07-20', '103分钟', 'OurShiningDays', '　　陈惊（徐璐饰）是一个古灵精怪、敢爱敢恨的姑娘，江湖人称“神经”。作为音乐附中的奇葩人物，陈惊人缘欠佳只有男闺蜜“油渣”（彭昱畅饰）甘愿为她鞍前马后。自信满满的陈惊恋上了校草师哥，不料却遭到校草的嘲笑和奚落，还引起了校园两大院系之间的大混战。为了向师哥证明自己，陈惊联手“502宿舍”神秘人物组成2.5次元乐团，挑战权威、破除成见，上演了一幕幕生猛搞笑的青春趣事。一个懵懂怪力的少女，一场默默守护的爱恋，一群奇葩义气的小伙伴，“神经女孩”如何逆袭成为“闪光少女”？2017年暑期《闪光少女》放肆揭晓——不一样，又怎样！', '7.4', '92906', '99.00', null, 'w', '2018-04-16 13:58:15', 'super', '2018-05-09 16:56:40', null, '0');
INSERT INTO `film_detail` VALUES ('447', '2017', 'https://img3.doubanio.com/view/photo/s_ratio_poster/public/p2517152961.jpg', null, '我杀死了巨人', '安德斯·瓦尔特', '乔·凯利/J·M·肯·尼姆拉', '麦迪逊·沃尔夫/佐伊·索尔达娜/伊莫琴·普茨/悉德妮·韦德/罗丽·杰克逊/阿特·帕金森/詹妮弗·艾莉/唐·威彻利/诺埃尔·克拉克/本·卡罗兰/布兰登·马赫', '1, 7, 18', '美国/英国/比利时', '英语', '2017-09-09', '106分钟', '巨人女杀手', '　　安德斯·瓦尔特执导的奇幻惊悚片[我杀巨人]曝光首款海报。该片由佐伊·索尔达娜、伊莫琴·普茨([房车])、麦迪逊·沃尔夫([招魂2])等主演。故事讲述述芭芭拉(麦迪逊·沃尔夫饰)选择逃离学校和家庭生活，因为这样可以回到神奇的巨人世界。该片今年9月亮相多伦多电影节，北美预计今年上映。', '5.5', '1767', '99.00', null, 'w', '2018-04-16 13:58:15', 'w', '2018-04-27 16:14:16', null, '0');
INSERT INTO `film_detail` VALUES ('448', '2017', 'https://img1.doubanio.com/view/photo/s_ratio_poster/public/p2459308777.jpg', null, '克莱尔的相机', '洪尚秀', '洪尚秀', '伊莎贝尔·于佩尔/金敏喜/郑镇荣/张美姬', '1', '韩国/法国', '韩语/法语', '2017-05-21', '69分钟', 'LacaméradeClaire/Claire\'sCamera', '　　影片故事讲述的是万熙（金敏喜饰）因性格耿直在咖啡馆遭到解雇，在海边遇见酷爱摄影的中学教师克莱尔（伊莎贝尔·于佩尔饰），在电影之城戛纳，完全陌生的两个人经历了相同的人事物。克莱尔相信摄影具有神秘力量甚至改变人生，而与克莱尔短暂的相处中万熙猜测到自己被解雇的原因。 　　最后两个人一起朝着万熙被解雇的咖啡馆走去。', '6.6', '772', '99.00', null, 'w', '2018-04-16 13:58:15', 'w', '2018-04-16 14:22:50', null, '0');
INSERT INTO `film_detail` VALUES ('449', '2018', 'https://img3.doubanio.com/view/photo/s_ratio_poster/public/p2494580762.jpg', null, '神偷联盟', '史蒂文·索德伯格', '丽贝卡·布朗特', '查宁·塔图姆/丹尼尔·克雷格/亚当·德赖弗/丽莉·克亚芙/希拉里·斯万克/凯瑟琳·沃特斯顿/大卫·丹曼/杰克·奎德/布莱恩·格里森/吉姆·奥希尔/法拉·麦肯齐/布登·约翰斯顿/萨顿·约翰斯顿/塞巴斯蒂安·斯坦/塞思·麦克法兰/凯蒂·霍尔姆斯', '17, 3', '美国', '英语', '2018(中国大陆)', '119分钟', '幸运的罗根/罗根好好运(台)/卢根急转弯(港)', '　　背负着家族厄运的罗根兄弟（查宁·塔图姆、亚当·德赖弗）决心摆脱屌丝命运，他们招募精英搞怪团队，与爆破专家乔·邦（丹尼尔·克雷格）一起，在纳斯卡车赛现场盗窃金库，并成功逃脱FBI的追查。', '7.1', '18631', '99.00', null, 'w', '2018-04-16 13:58:15', 'w', '2018-04-27 16:14:16', null, '0');
INSERT INTO `film_detail` VALUES ('450', '2017', 'https://img3.doubanio.com/view/photo/s_ratio_poster/public/p2503544593.jpg', null, '解忧杂货店', '韩杰', '宋啸/东野圭吾/孙思雨/朱思溢', '王俊凯/迪丽热巴/董子健/李鸿其/董李无忧/成龙/秦昊/陈都灵/郝蕾/李梦/成泰燊/高华阳/潘斌龙/孟慧圆/孙小野', '1, 18', '中国大陆', '汉语普通话', '2017-12-29', '109分钟', 'MiraclesoftheNamiyaGeneralStore', '　　改编自东野圭吾原著同名小说《解忧杂货店》，讲述了在一家僻静街道旁的杂货店，只要写下烦恼投进店前门卷帘门的投信口，第二天就会在店后的牛奶箱里得到回答。某个夜晚，三个身在迷途的年轻人阿杰、小波、彤彤无意闯入，没想到开启了时光隧道，从收到来自过去的第一封咨询信开始，在不断的回信和收信过程中，过去链接了未来，犹豫是否该坚持音乐梦想的秦朗、是否该和家人因逃债远走他乡的浩博、是否应该放弃舞女工作的晴美都从他们的回信建议做出了选择，找到了心灵的方向，不经意间也串联了所有人的人生。同时这三个年轻人也收到了对于自己困惑的解答。', '5.1', '63396', '99.00', null, 'w', '2018-04-16 13:58:15', 'w', '2018-04-27 16:14:15', null, '0');
INSERT INTO `film_detail` VALUES ('451', '2017', 'https://img3.doubanio.com/view/photo/s_ratio_poster/public/p2497756471.jpg', null, '蜘蛛侠：英雄归来', '乔·沃茨', '约翰·弗朗西斯·戴利/史蒂夫·迪特寇/乔纳森·M·戈尔茨坦/斯坦·李', '汤姆·赫兰德/小罗伯特·唐尼/玛丽莎·托梅/迈克尔·基顿/雅各布·巴特朗/托尼·雷沃罗利/赞达亚/乔恩·费儒/亚伯拉罕·阿塔哈/劳拉·哈里尔/迈克尔·巴尔别里/罗根·马歇尔-格林/马丁·斯塔尔/唐纳德·格洛弗/汉尼拔·布勒斯/迈克尔·曼多/博基姆·伍德拜因/肯尼斯·崔/詹妮弗·康纳利/格温妮斯·帕特洛/克里斯·埃文斯', '2, 8, 9', '美国', '英语', '2017-09-08', '133分钟', '蜘蛛侠：强势回归(港)/蜘蛛人：返校日(台)/新蜘蛛侠/蜘蛛侠：归来/蜘蛛侠：回家/蜘蛛侠：返校季/蜘蛛侠：返校节/蜘蛛侠：归乡/蜘蛛侠：新复仇者/TheAmazingSpider-Man3/Spider-Man:TheNewAvenger/Spiderman', '　　彼得帕克（汤姆·赫兰德 Tom Holland 饰）在内战后受到了钢铁侠托尼斯塔克（小罗伯特·唐尼 Robert Downey Jr. 饰）的赏识，表面上，彼得进入托尼的公司成为了一名实习生，实际上，他和复仇者联盟的成员们一起接受了各种各样的训练。托尼虽然欣赏彼得的勇敢和正直，却并不认为他目前已经拥有加入复联的实力，他派出了特工哈皮（乔恩·费儒 Jon Favreau 饰）暗中观察，这让十分想证明自己的彼得感到万分焦躁。 　　在对付两个银行劫匪的过程中，彼得发现劫匪们使用的是一种前所未见的新型武器，他孤身一人深入敌后顺藤摸瓜找到了幕后主使秃鹰（迈克尔·基顿 Michael Keaton 饰），让他彼得没有想到的是，秃鹰竟然是他爱慕的女生利兹（劳拉·海瑞尔 Laura Harrier 饰）的父亲。 ©豆瓣', '7.4', '194253', '99.00', null, 'w', '2018-04-16 13:58:15', 'super', '2018-05-09 16:56:41', null, '0');
INSERT INTO `film_detail` VALUES ('452', '2017', 'https://img3.doubanio.com/view/photo/s_ratio_poster/public/p2455156816.jpg', null, '记忆大师', '陈正道', '任鹏/陈正道', '黄渤/段奕宏/徐静蕾/杨子姗/梁杰理/许玮甯/王真儿/焦刚/张念骅/杜函梦/栾元晖/曹英睿', '1, 6, 7, 3', '中国大陆', '汉语普通话', '2017-04-28', '119分钟', '记忆战/催眠大师2/BattleofMemories', '　　故事发生在2025年，因为和妻子张代晨（徐静蕾 饰）婚姻破裂，男主角江丰（黄渤 饰）走进记忆大师医疗中心接受手术，却不料手术失误记忆被错误重载，他莫名其妙变成了“杀人凶手”。警官沈汉强（段奕宏 饰）的穷追不舍让他逐渐发现，自己脑内的错误记忆不仅是破案的关键，更是救赎自己的唯一希望。与此同时，妻子身边出现的女人陈姗姗（杨子姗 饰）、记忆中浮现出的神秘女子（许玮甯 饰），似乎也和真相有着千丝万缕的联系，一场记忆烧脑战也随之开始。', '7.3', '185615', '99.00', null, 'w', '2018-04-16 13:58:15', 'w', '2018-04-16 14:22:50', null, '0');
INSERT INTO `film_detail` VALUES ('453', '2018', 'https://img3.doubanio.com/view/photo/s_ratio_poster/public/p2508922375.jpg', null, '太空救援', '克利姆·希片科', '克利姆·希片科/娜塔莉亚·梅尔库洛娃/阿列克谢·萨莫廖托夫/阿列克谢·丘波夫/杰弗里·海尔顿', '弗拉季米尔·弗多维琴科夫/帕维尔·杰列维扬科/柳波芙·阿克肖诺娃/欧克萨娜·范德拉/玛丽亚·米罗诺娃/伊戈尔·乌戈尔尼科夫/亚历山大·萨莫伊连科/亚历山大·拉特尼科夫/维塔利·哈耶夫', '2, 9', '俄罗斯', '俄语', '2018-01-12', '111分钟/103分钟(中国大陆)', '星空浩劫(港)/礼炮号空间站/礼炮7号/Salyut7', '　　位于外太空的“礼炮7号”空间站意外与地球失去联系，工程师维克托·阿约金和退役宇航员弗拉基米尔·费奥多罗夫临危受命，搭乘联盟号T-13寻找“礼炮7号”的踪迹，当经历宇宙空间对接、太空舱寒流、空间站失火、太阳能充电系统失灵等一系列危机准备返航之时，却被告知空间站即将被击落，一场更大的太空灾难正在袭来......', '7.7', '20910', '99.00', null, 'w', '2018-04-16 13:58:15', 'w', '2018-04-27 16:14:16', null, '0');
INSERT INTO `film_detail` VALUES ('454', '2017', 'https://img3.doubanio.com/view/photo/s_ratio_poster/public/p2456908524.jpg', null, '马柔本宅秘事', '塞尔希奥·G·桑切斯', '塞尔希奥·G·桑切斯', '乔治·麦凯/安雅·泰勒-乔伊/查理·希顿/米娅·高斯/马修·斯塔格/妮可拉·哈里森/凯尔·索列尔/汤姆·费舍尔/玛拉·凯瑟琳·皮尔斯/保罗·杰森/罗伯特·奈尔恩/劳拉·布鲁克', '1, 7, 13', '西班牙', '英语', '2017-09-11', '110分钟', '髓骨/Marrowbone', '　　兄弟姐妹四人在母亲去世后，去到一座老房子寻求庇护，逐渐发现房子背后隐藏的险恶秘密。', '6.9', '1540', '99.00', null, 'w', '2018-04-16 13:58:15', 'w', '2018-04-27 16:14:16', null, '0');
INSERT INTO `film_detail` VALUES ('455', '2018', 'https://img3.doubanio.com/view/photo/s_ratio_poster/public/p2504593595.jpg', null, '念力', '延尚昊', '延尚昊', '柳承龙/沈恩京/朴正民/郑有美/金敏载/艺秀晶/郑煐禥/金英善/李濟延/金度允/太恒浩/康相元/尹智旭/嚴志滿/金基天/函勝敏/高娜熙/李正恩/李承勇/禹正國/姜德重', '1, 17, 18', '韩国', '韩语', '2018-01-31', '101分钟', '心灵致动/Psychokinesis/Superpower', '　　平凡的银行警卫大叔申硕宪（柳承龙 饰），偶然间发现自己拥有一种可以控制身边物体的能力——念力。此时，十几年不见的女儿（沈恩京 饰）突然联系了他，原来乐观开朗的陋微已经成为了一个自力更生的炸鸡店小业主，但在一夜之间深陷危机。为此，硕宪决定打破原本寻常的生活，冲破重重阻碍帮助女儿，这种神秘的“念力”也随之变得愈发强大，也为他们的生活带来了不可改变的影响…… ©豆瓣', '5.5', '1595', '99.00', null, 'w', '2018-04-16 13:58:15', 'w', '2018-04-16 14:22:50', null, '0');
INSERT INTO `film_detail` VALUES ('456', '2017', 'https://img3.doubanio.com/view/photo/s_ratio_poster/public/p2499761124.jpg', null, '电锯惊魂8：竖锯', '迈克尔·斯派瑞/彼得·斯派瑞', '皮特·古德芬格/乔什·斯托博格', '马特·帕斯摩尔/托宾·贝尔/考乐姆·吉斯·雷尼/汉娜·艾米莉·安德森/科勒·班尼特/劳拉·范德沃特/保罗·布朗斯坦/曼德拉·范·皮布尔斯/布列塔尼·艾伦/乔赛亚·布莱克/爱德华·拉特尔/迈克·布瓦韦尔', '6, 7, 13', '美国/加拿大', '英语', '2017-10-27', '92分钟', '电锯惊魂8/夺魂锯：游戏重启(台)/恐惧斗室之狂魔再现(港)/电锯惊魂：遗产/Saw:Legacy/SawVIII', '　　远离尘嚣的一座封闭谷仓内，安娜（劳拉·范德沃特 Laura Vandervoort 饰）、赖安（保罗·布朗斯坦 Paul Braunstein 饰）、米奇（曼德拉·范·皮布尔斯 Mandela Van Peebles 饰）和卡莉（布列塔尼·艾伦 Brittany Allen 饰）从昏迷中醒来。他们的头部被奇怪的装置束缚，颈上的铁链连接着安装了圆锯的铁门。在竖锯的指示下，他们将经历一场场痛彻骨髓的生死考验，并在死神的屠刀面前低头认罪。 　　繁华都市中，以各种方式惨死的尸体接连出现，共同特征全部指向了拼图杀人案的制造者——本该在十年前死去的竖锯约翰·克莱默（托宾·贝尔 Tobin Bell 饰）。竖锯不死，给予背德者以至痛的责罚和审判…… ©豆瓣', '6.8', '36324', '99.00', null, 'w', '2018-04-16 13:58:15', 'w', '2018-04-27 16:14:16', null, '0');
INSERT INTO `film_detail` VALUES ('457', '2017', 'https://img3.doubanio.com/view/photo/s_ratio_poster/public/p2496288510.jpg', null, '破·局', '连奕琦', '林宇辰/于尚民', '郭富城/王千源/刘涛/余皑磊/冯嘉怡/郑凯', '2, 3', '中国大陆', '汉语普通话', '2017-08-17', '112分钟', '肇事者/走到尽头/PeaceBreaker', '　　这是高见翔警官生命中最艰难的一天：母亲去世，工作遇阻，还在奔丧时意外撞死了一个人。他本以为可以瞒天过海，没想到一个惊天阴谋在前方等待，令他身陷迷局......', '6.3', '34313', '99.00', null, 'w', '2018-04-16 13:58:15', 'w', '2018-04-16 14:22:50', null, '0');
INSERT INTO `film_detail` VALUES ('458', '2018', 'https://img3.doubanio.com/view/photo/s_ratio_poster/public/p2510144625.jpg', null, '谜巢', '金波·兰道', '金波·兰道/保罗·斯特海利', '李冰冰/凯南·鲁兹/吴尊/凯尔希·格兰莫/斯黛芬·道森/瑞恩·约翰逊/肖恩·雅克博森/杰森·庄/蒂姆·德莱克斯', '2, 9', '中国大陆/澳大利亚', '英语', '2018-01-19', '90分钟', '蛛网/蛛巢/Nest/GuardiansofTheTomb', '　　生物科技公司研究员卢克·李（吴尊 饰）深入一座古墓随即失去音讯，剧毒生物学博士嘉·李（李冰冰 饰）得知弟弟卢克失踪的消息，随即与医药集团总裁梅森·伯罗斯（凯尔希·格兰莫 饰）组建一支专业的搜救队，在救援队长杰克·雷德利（凯南·鲁兹饰）的带领下，一行人前往卢克·李失踪的地点搜寻，却意外闯入神秘地下世界，一段意想不到冒险之旅就此展开……', '3.7', '13137', '99.00', null, 'w', '2018-04-16 13:58:15', 'w', '2018-04-16 14:22:50', null, '0');
INSERT INTO `film_detail` VALUES ('459', '2017', 'https://img3.doubanio.com/view/photo/s_ratio_poster/public/p2503551480.jpg', null, '七十七天', '赵汉唐', '赵汉唐/曹金玲/高正/周侯衡/李逍雪', '江一燕/赵汉唐', '1, 9', '中国大陆', '汉语普通话', '2017-11-03', '115分钟', 'Seventy-sevenDays', '　　电影《七十七天》是以探险作家杨柳松77天孤身穿越羌塘无人区的真实事迹为蓝本创作。电影中，在生活里迷失了自我的男主徘徊在雪域高原独闯无人区，影片女主身体残疾仍然乐观面对生活，她让他坚定了去尝试世人眼里无法完成的无人区奇幻探险之旅……两个非常状态下的真实人物，真诚、勇敢的面对命运选择挑战，不懈的追寻着内心最初的梦想与真正的自我...影片在节奏、画面、张力上会给观众强烈的视觉冲击，让观众跟随主人公经历一场无与伦比的探险之旅。', '6.5', '28138', '99.00', null, 'w', '2018-04-16 13:58:15', 'w', '2018-04-16 14:22:50', null, '0');
INSERT INTO `film_detail` VALUES ('460', '2017', 'https://img3.doubanio.com/view/photo/s_ratio_poster/public/p2499052494.jpg', null, '追龙', '王晶/关智耀', '王晶/吕冠南/叶铭浩', '甄子丹/刘德华/姜皓文/郑则仕/刘浩龙/汤镇业/喻亢/胡然/徐冬冬/黄日华/陈惠敏/周丽淇/吴毅将', '2, 3', '香港/中国大陆', '粤语/汉语普通话', '2017-09-30', '128分钟', '卧虎2/跛豪/ChasingtheDragon', '　　电影讲述了香港现代史上两大著名狠角色大毒枭跛豪（甄子丹饰）、五亿探长雷洛（刘德华饰）的传奇故事。 　　上世纪六七十年代，香港由英国殖民，权势腐败、社会混乱。1963年，穷困潦倒的青年阿豪（甄子丹饰）偷渡至香港，抱着“生死有命、富贵在天”之心决意一搏人生。阿豪带着几个兄弟，从九龙城寨底层开始一路刀刃舔血，爬上香港毒品霸主之位，一手掌控香港十大黑帮，江湖人称“跛豪”。而雷洛（刘德华饰）则从一位普通探长一步步爬上华人总探长高位，统领全香港三万警察，手握香港治安“潜规则”。为垄断香港黄赌毒三大经济产业，跛豪与雷洛结拜为兄弟，两人一黑一白两手遮天，权势滔天，家财亿万，独霸香港岛……', '7.4', '135879', '99.00', null, 'w', '2018-04-16 13:58:16', 'w', '2018-04-27 16:14:16', null, '0');
INSERT INTO `film_detail` VALUES ('461', '2017', 'https://img1.doubanio.com/view/photo/s_ratio_poster/public/p2475060299.jpg', null, '悟空传', '郭子健', '郭子健/今何在/黄海/范文文/黄智亨', '彭于晏/倪妮/余文乐/俞飞鸿/欧豪/郑爽/乔杉/杨迪/巴音/王德顺', '1, 2, 18', '中国大陆', '汉语普通话', '2017-07-13', '123分钟', 'Wukong', '　　这不是西游记的任何章节，这是悟空的故事，彼时孙悟空（彭于晏 饰）还不是震撼天地的齐天大圣，他只是只桀傲不驯的猴子。天庭毁掉他的花果山以掌控众生命运，他便决心跟天庭对抗，毁掉一切戒律。在天庭，孙悟空遇到不能爱的阿紫（倪妮 饰），一生的宿敌杨戬（余文乐 饰），和思念昔日爱人阿月（郑爽 饰）的天蓬（欧豪 饰），他们的身份注定永生相杀，但其实不甘命运摆布的又何止孙悟空一人？却没想到反抗却带来更大的浩劫。他们所做的一切，究竟是不知天高地厚的热血轻狂，还是无奈宿命难改的压抑绝望？难道命运真的早已注定？悟空不服，他再次挥动金箍棒，要让这诸佛都烟消云散！', '5.1', '144533', '99.00', null, 'w', '2018-04-16 13:58:16', 'w', '2018-04-27 16:14:16', null, '0');
INSERT INTO `film_detail` VALUES ('462', '2017', 'https://img3.doubanio.com/view/photo/s_ratio_poster/public/p2507566212.jpg', null, '奇门遁甲', '袁和平', '徐克/魏君子/杨秉佳/许少飞', '大鹏/倪妮/李治廷/周冬雨/伍佰/柳岩/许明虎/杨一威/谢苗/孙明明/黄晓明', '2, 18', '中国大陆/香港', '汉语普通话', '2017-12-14', '113分钟', 'TheThousandFacesofDunjia', '　　在一个妖孽横行，天象大乱的时代，外星妖物侵袭而来。此时江湖上精通“奇门遁甲”之术的神秘组织“雾隐门”挺身而出，其首领老大（伍佰 饰）、弟子诸葛青云（大鹏 饰）、铁蜻蜓（倪妮 饰）和雾隐七子等众人各怀所长。另一方面，诸葛青云途中寻找新一代掌门小圆圈（周冬雨 饰）之时，新晋捕快刀宜长（李治廷 饰）为救铁蜻蜓亦被牵连在内。一时间，风云涌起，“天外来客”与“雾隐门”之间的正邪之战即将引发，一场新的奇幻危机正在来临……', '4.5', '69384', '99.00', null, 'w', '2018-04-16 13:58:16', 'w', '2018-04-16 14:22:50', null, '0');
INSERT INTO `film_detail` VALUES ('463', '2018', 'https://img1.doubanio.com/view/photo/s_ratio_poster/public/p2508546069.jpg', null, '迷镇凶案', '乔治·克鲁尼', '乔尔·科恩/伊桑·科恩/乔治·克鲁尼/格兰特·赫斯洛夫', '马特·达蒙/朱丽安·摩尔/奥斯卡·伊萨克/诺亚·尤佩/托尼·埃斯皮诺萨/格伦·弗莱施勒/梅根·弗格森/杰克·康利/迈克尔·D·科恩/黛安·德恩/盖里·巴萨拉巴/斯蒂夫·蒙罗埃/阿历克斯·哈赛尔/利斯·M·伯克/克里麦·威斯特博克/霍普·班克斯/罗伯特·皮尔斯/文斯·切法卢/达什·威廉姆斯/加文·怀尔德/兰登·戈登/蒂姆·聂夫/马拉·费尔克拉夫/艾米丽·高斯/艾瑞克·奥德', '17, 6, 3', '美国/英国', '英语', '2018-01-12', '104分钟', '完美社区谋杀案(台)/坚离地死人劫案(港)/迷镇/小镇郊区', '　　20世纪50年代僻静的家乡小镇，中年男子加德纳（马特·达蒙 饰）的妻子在家中被杀害。由此宁静的生活被打破，引发出一连串勒索、骗保、迷情事件。而对面邻居搬来了一家黑人，又因此打破了整个小镇的宁静。家庭危机和小镇危机交织在了一起……', '6.1', '12005', '99.00', null, 'w', '2018-04-16 13:58:16', 'w', '2018-04-16 14:22:50', null, '0');
INSERT INTO `film_detail` VALUES ('464', '2017', 'https://img3.doubanio.com/view/photo/s_ratio_poster/public/p2469070974.jpg', null, '神偷奶爸3', '凯尔·巴尔达/皮埃尔·柯芬/埃里克·吉隆', '辛科·保罗/肯·道里欧', '史蒂夫·卡瑞尔/克里斯汀·韦格/崔·帕克/米兰达·卡斯格拉夫/达纳·盖尔/内芙·沙雷尔/皮埃尔·柯芬/史蒂夫·库根/朱莉·安德鲁斯/珍妮·斯蕾特/迈克尔·贝亚蒂/安迪·尼曼/阿德里安·奇斯卡托/布莱恩·T·德莱尼/肯·道里欧', '17, 16, 9', '美国', '英语', '2017-07-07', '90分钟', '卑鄙的我3/坏蛋奖门人3(港)/神偷奶爸3之小小兵', '　　洗心革面之后，格鲁（史蒂夫·卡瑞尔 Steve Carell 配音）作为特工成绩斐然，却因未能打败坏小子巴萨扎·布莱德（崔·帕克Trey Parker 配音）而被新局长扫地出门。就在此时，他收到一封远方来信，这才得知自己原来还有一个双胞胎兄弟德鲁（史蒂夫·卡瑞尔 Steve Carell 配音）。在德鲁盛情邀请下，格鲁带着妻子露西•王尔德（克里斯汀·韦格 Kristen Wiig 配音）以及玛戈（米兰达·卡斯格拉夫 Miranda Cosgrove 配音）、伊迪丝（达娜·盖伊 Dana Gaier 配音）和阿格蕾丝（埃尔希·费舍 Elsie Fisher 配音）来到了他亲生父亲所居住的地方探亲。德鲁天真烂漫，却一心想和哥哥搭档成为坏蛋二人组。格鲁虽然暂时回归狂野，可正义之心并未泯灭。 　　尤其当巴萨扎邪恶的计划和三个可爱的孩子牵扯到一起时，他再也无法坐视... (展开全部) 　　洗心革面之后，格鲁（史蒂夫·卡瑞尔 Steve Carell 配音）作为特工成绩斐然，却因未能打败坏小子巴萨扎·布莱德（崔·帕克Trey Parker 配音）而被新局长扫地出门。就在此时，他收到一封远方来信，这才得知自己原来还有一个双胞胎兄弟德鲁（史蒂夫·卡瑞尔 Steve Carell 配音）。在德鲁盛情邀请下，格鲁带着妻子露西•王尔德（克里斯汀·韦格 Kristen Wiig 配音）以及玛戈（米兰达·卡斯格拉夫 Miranda Cosgrove 配音）、伊迪丝（达娜·盖伊 Dana Gaier 配音）和阿格蕾丝（埃尔希·费舍 Elsie Fisher 配音）来到了他亲生父亲所居住的地方探亲。德鲁天真烂漫，却一心想和哥哥搭档成为坏蛋二人组。格鲁虽然暂时回归狂野，可正义之心并未泯灭。 　　尤其当巴萨扎邪恶的计划和三个可爱的孩子牵扯到一起时，他再也无法坐视不理…… ©豆瓣', '6.9', '136645', '99.00', null, 'w', '2018-04-16 13:58:16', 'w', '2018-04-16 14:22:50', null, '0');
INSERT INTO `film_detail` VALUES ('465', '2017', 'https://img1.doubanio.com/view/photo/s_ratio_poster/public/p2507654169.jpg', null, '加勒比海盗5：死无对证', '艾斯彭·山德伯格/乔阿吉姆·罗恩尼', '特里·鲁西奥/泰德·艾略特/斯图尔特·贝亚蒂耶/杰夫·内桑森/杰·沃尔伯特', '约翰尼·德普/哈维尔·巴登/杰弗里·拉什/布伦顿·思韦茨/卡雅·斯考达里奥/凯文·麦克纳利/格什菲·法拉哈尼/奥兰多·布鲁姆/凯拉·奈特莉/斯蒂芬·格拉汉姆/大卫·文翰/保罗·麦卡特尼/马丁·科勒巴/亚当·布朗/丹尼·基兰/马赫什·扎杜/胡安·卡洛斯·凡希多', '2, 18, 9', '美国', '英语', '2017-05-26', '129分钟', '加勒比海盗：恶灵启航(港)/加勒比海盗神鬼奇航：死无对证(台)/加勒比海盗5：亡灵的缄默/加勒比海盗5：亡者无言/加勒比海盗5：死人不会告密/PiratesoftheCaribbean5', '　　故事发生在《加勒比海盗3：世界的尽头》沉船湾之战20年后。 男孩亨利（布兰顿·思怀兹 Brenton Thwaites 饰）随英国海军出航寻找被聚魂棺诅咒的父亲“深海阎王”威尔·特纳（奥兰多·布鲁姆 Orlando Bloom 饰），却在百慕大三角遭遇被解封的亡灵萨拉查船长（哈维尔·巴登 Javier Bardem 饰）。获取自由的萨拉查屠尽加勒比海盗，征服了整个海域，手刃了“黑胡子”爱德华·蒂奇（伊恩·麦柯肖恩 Ian McShane 饰）的里海海盗王赫克托·巴博萨船长（杰弗里·拉什 Geoffrey Rush 饰）在女巫Haifaa Meni(格什菲·法拉哈尼 Golshifteh Farahani 饰)口中得知了萨拉查的真实目的：为寻找他的宿敌杰克船长（约翰尼·德普 Johnny Depp 饰）。海盗的命运皆压在落魄的老杰克被封印的黑珍珠号，以... (展开全部) 　　故事发生在《加勒比海盗3：世界的尽头》沉船湾之战20年后。 男孩亨利（布兰顿·思怀兹 Brenton Thwaites 饰）随英国海军出航寻找被聚魂棺诅咒的父亲“深海阎王”威尔·特纳（奥兰多·布鲁姆 Orlando Bloom 饰），却在百慕大三角遭遇被解封的亡灵萨拉查船长（哈维尔·巴登 Javier Bardem 饰）。获取自由的萨拉查屠尽加勒比海盗，征服了整个海域，手刃了“黑胡子”爱德华·蒂奇（伊恩·麦柯肖恩 Ian McShane 饰）的里海海盗王赫克托·巴博萨船长（杰弗里·拉什 Geoffrey Rush 饰）在女巫Haifaa Meni(格什菲·法拉哈尼 Golshifteh Farahani 饰)口中得知了萨拉查的真实目的：为寻找他的宿敌杰克船长（约翰尼·德普 Johnny Depp 饰）。海盗的命运皆压在落魄的老杰克被封印的黑珍珠号，以及天文学家卡琳娜·史密斯（卡雅·斯考达里奥 Kaya Scodelario 饰）口中的远古三叉戟上。', '7.3', '195142', '99.00', null, 'w', '2018-04-16 13:58:16', 'w', '2018-04-16 14:22:50', null, '0');
INSERT INTO `film_detail` VALUES ('466', '2017', 'https://img3.doubanio.com/view/photo/s_ratio_poster/public/p2496088130.jpg', null, '星际特工：千星之城', '吕克·贝松', '吕克·贝松/皮埃尔·克里斯汀/让-克劳德·梅济耶尔', '戴恩·德哈恩/卡拉·迪瓦伊/克里夫·欧文/蕾哈娜/伊桑·霍克/赫比·汉考克/吴亦凡/萨姆·斯普卢尔/阿兰·夏巴/鲁特格尔·哈尔/泽维尔·吉亚诺利/约翰·古德曼/山姆·道格拉斯/萨莎·露丝', '2, 8, 9', '法国', '英语/法语', '2017-08-25', '137分钟', '瓦莱里安与一千颗行星的城市/星际特工瓦雷诺：千星之城(台)/瓦莱里安与千星之城/Valérian/Valerian', '　　人类和众多外星种族共同生活在一个名为千星之城阿尔法的繁华星际大都市，数百年来，千星之城阿尔法成为各族群和平共处的美妙天堂，它繁荣昌盛。韦勒瑞恩（戴恩·德哈恩 Dane DeHaan 饰）和洛瑞琳（卡拉·迪瓦伊 Cara Delevingne 饰）被选择成为阿尔法的守护者，他们俩是警卫部的执行人员，被任命去拦截一种稀有物品的交易。这种稀有物品与一个本该在数十年前就消失的稀有族群存在神秘的关联。然后他们来到了巨大的千星之城阿尔法城，这时他们的指挥官Arun Filitt（克里夫·欧文饰）在指挥中心遭到绑架，这对搭档开始意识到手中物品的不寻常价值。二人追寻凶手，发现自己身陷一场正在发酵的星际事件中……', '7.0', '106850', '99.00', null, 'w', '2018-04-16 13:58:16', 'w', '2018-04-16 14:22:51', null, '0');
INSERT INTO `film_detail` VALUES ('467', '2017', 'https://img3.doubanio.com/view/photo/s_ratio_poster/public/p2499135561.jpg', null, '英伦对决', '马丁·坎贝尔', '大卫·马可尼/史蒂芬·莱泽', '成龙/皮尔斯·布鲁斯南/刘涛/梁佩诗/夏莉·墨菲/欧拉·布莱蒂/迈克尔·麦克埃尔哈顿/西蒙·坤茨/雷·费隆/罗里·弗莱克-拜恩/皮帕·贝内特-华纳/德尔莫特·克劳利/蒂利亚纳·布克丽瓦/鲁弗斯·琼斯/斯蒂芬·霍根', '2, 3', '英国/中国大陆', '英语/汉语普通话', '2017-09-30', '113分钟', '龙震天下/普通人/中国人/外国佬/TheChinaman', '　　关玉明（成龙 饰）和女儿小凡（梁佩诗 饰）在英国伦敦过着相依为命的日子。关玉明经营着一间小小的餐馆，老老实实的靠着辛勤劳作养活家庭，从未有过想要僭越法律或是道德的念头。然而，上天并不眷顾这个善良的男人，在一场恐怖袭击中，小凡不幸成为了受害者之一。 　　让关玉明无法接受的除了女儿的死之外，还有英国政府对此次事件的轻视和不作为。政府高官莱姆（皮尔斯·布鲁斯南 Pierce Brosnan 饰）出现在了关玉明的视野之中，他坚信莱姆和恐怖组织以及事件的真相有着不可分割的联系。既然法律和正义无法还关玉明一个公道，关玉明决定用自己的力量来为女儿复仇。 ©豆瓣', '7.1', '114782', '99.00', null, 'w', '2018-04-16 13:58:16', 'w', '2018-04-16 14:22:51', null, '0');
INSERT INTO `film_detail` VALUES ('468', '2017', 'https://img3.doubanio.com/view/photo/s_ratio_poster/public/p2455261804.jpg', null, '银河护卫队2', '詹姆斯·古恩', '詹姆斯·古恩/丹·阿布内特/安迪·兰宁', '克里斯·普拉特/佐伊·索尔达娜/戴夫·巴蒂斯塔/范·迪塞尔/布莱德利·库珀/凯伦·吉兰/迈克尔·鲁克/庞·克莱门捷夫/伊丽莎白·德比茨基/肖恩·古恩/库尔特·拉塞尔/克里斯·沙利文/大卫·哈塞尔霍夫/西尔维斯特·史泰龙/杨紫琼', '2, 8, 9', '美国', '英语', '2017-05-05', '136分钟', '星际异攻队2(台)/银河守护队2(港)/银护2/GuardiansoftheGalaxy2', '　　火箭浣熊（布莱德利·库珀 Bradley Cooper 饰）偷走了大祭司阿耶莎（伊丽莎白·德比齐 Elizabeth Debicki 饰）的能量电池，包括星爵（克里斯·帕拉特 Chris Pratt 饰）、卡魔拉（佐伊·索尔达娜 Zoe Saldana 饰）、德拉克斯（戴夫·巴蒂斯塔 Dave Bautista 饰）在内的一行人遭到了后者派出的舰队的袭击。一个神秘人物乘坐着飞船救下了银河护卫队的众人，而驾驶着飞船的不是别人，竟然正是星爵的亲生父亲伊戈（库尔特·拉塞尔 Kurt Russell 饰）。 　　在伊戈的带领下，星爵、卡魔拉和德拉克斯来到了由伊戈一手制造的星球上，而剩下的成员们则着手修复损坏的飞船。那边厢，阿耶莎委托勇度（迈克尔·鲁克 Michael Rooker 饰）抓住星爵替自己报仇，而卡魔拉亦渐渐发现了伊戈和善面目下隐藏的巨大阴谋。 ©豆瓣', '8.1', '223204', '99.00', null, 'w', '2018-04-16 13:58:16', 'w', '2018-04-16 14:22:51', null, '0');
INSERT INTO `film_detail` VALUES ('469', '2017', 'https://img1.doubanio.com/view/photo/s_ratio_poster/public/p2429098317.jpg', null, '宣告黎明的露之歌', '汤浅政明', '吉田玲子/汤浅政明', '谷花音/下田翔大/寿美菜子/齐藤壮马/铃村健一/柄本明/篠原信一/新谷真弓/菅生隆之/长岛雄一/佐佐木睦/川岛得爱/伊藤静/堀井真吾/大悟/青山穰/关贵昭/各务立基/宫崎敦吉', '1, 16, 18', '日本', '日语', '2017-05-19', '112分钟', '宣告黎明的人鱼之歌(港)/告知天亮之路/YoakeTsugeruLunoUta/LuOvertheWall', '　　父亲和母亲离婚之后，少年凯（下田翔大 配音）跟随着父亲返回了依山傍海的老家，和以做伞为业的祖父一起开始了新的生活。家庭的变故让凯闷闷不乐，只有在编曲的时候，凯才能够找回一点点久违的快乐。游步（寿美菜子 配音）和国夫（齐藤壮马 配音）发现了凯的音乐才华，热情的邀请他加入他们的乐队“塞壬”。 　　某天夜里，凯所演奏的乐曲吸引来了一只名为露（谷花音 配音）的人鱼，很快的，露和凯便成为了朋友。可是，在村子里，人鱼是不祥的象征，它们的出现往往预示着灾难和死亡。终于，露的身份还是曝光了，小镇上的居民们很快便分为了两派，一派被露天真无邪的舞姿所打动，而另一派则坚决的想要将人鱼驱逐出人类的世界。 ©豆瓣', '8.0', '7699', '99.00', null, 'w', '2018-04-16 13:58:16', 'w', '2018-04-16 14:22:51', null, '0');
INSERT INTO `film_detail` VALUES ('472', '2017', 'https://img3.doubanio.com/view/photo/s_ratio_poster/public/p2506825662.jpg', null, '妖铃铃', '吴君如', '周运海/查慕春/王贻兴', '吴君如/沈腾/岳云鹏/张译/Papi酱/吴镇宇/方中信/焦俊艳/潘斌龙/阿如那/许君聪/李亦航/周冬雨/马思纯/李尚正', '17, 13', '中国大陆', '汉语普通话', '2017-12-29', '88分钟', '妖妖铃/妖妖零/玲姐大闹萌贵坊/铃姐大闹萌贵坊/Goldbuster', '　　无良地产商父子徐大富（沈腾 饰）和徐天宇（岳云鹏 饰）一心想争夺豪华CBD中一幢破旧居民楼“萌贵坊”的产权，但萌贵坊内仍存四户怪咖不愿搬出—神医王保健（张译 饰）和他的儿子鸡丁（李亦航 饰）、民间发明家夫妇李菊花(papi 饰)和金三(潘斌龙 饰)、网红主播阿萍(焦俊艳 饰)、以及过气古惑仔阿仁(方中信 饰)和阿明(吴镇宇饰)。 　　某个月黑风高的夜晚，怪事接连发生，僵尸，丧尸，吸血男爵，红衣女鬼接踵而至，陷入恐慌的“留守怪咖”请来江湖上人称“万能大师”的铃姐（吴君如 饰）帮他们化解危难，没想到铃姐却带来了更大的麻烦……', '4.3', '63098', '99.00', null, 'w', '2018-04-16 13:58:16', 'super', '2018-05-16 13:01:45', null, '1');
INSERT INTO `film_detail` VALUES ('473', '2017', 'https://img3.doubanio.com/view/photo/s_ratio_poster/public/p2500124684.jpg', null, '真事改编', '罗曼·波兰斯基', '罗曼·波兰斯基/奥利维耶·阿萨亚斯/德尔菲娜·德·维冈', '艾玛纽尔·塞尼耶/伊娃·格林/文森特·佩雷斯/多米尼克·皮侬/卡米尔·查莫/布里吉特·罗安/荷赛·达阳/诺埃米·洛夫斯基/ElisabethQuin/达米安·勃纳尔/莎迪娅·本太耶布', '1, 7', '法国/比利时', '法语', '2017-05-27', '100分钟', '真实游戏(台)/真实改编/真实故事/基于真实事件/BasedonaTrueStory', '　　《真事改编》根据同名畅销小说改编，女作家Delphine（艾玛纽尔·塞尼耶扮演）出版新书尝到走红的滋味后，脑中的灵感也随之蒸发，再也写不出一个字，此时又面临匿名读者来信骚扰，一句句威胁口吻重击她脆弱的心灵。 　　在她深陷低谷之际，一名谜样女子L.（爱娃·格林扮演）犹如知音般悄然进入了她的生活，她们一拍即合、无所不谈，Delphine终于得以享受生活的平静。但这一切就像一场缜密的布局，L.渐渐控制了她的生活，甚至意图想成为她的分身。这时的Delphine才恍然惊觉，她的人生就要被偷走了... 　　女作家和“暗黑女”闺蜜之间的故事，戏剧冲突满满；意外来到的友情恐是彻底翻转人生的恐怖布局。', '6.2', '1504', '99.00', null, 'w', '2018-04-16 13:58:16', 'w', '2018-04-16 14:22:51', null, '0');
INSERT INTO `film_detail` VALUES ('474', '2017', 'https://img1.doubanio.com/view/photo/s_ratio_poster/public/p2462745948.jpg', null, '军舰岛', '柳昇完', '柳昇完/申庆一', '黄晸玟/苏志燮/宋仲基/李贞贤/李璟荣/金秀安/尹敬浩/白承哲/姜成澈/金仁宇/朴野性/郑满植/朴正范/金敏载', '1, 2, 24', '韩国', '韩语', '2017-07-26', '132分钟/150分钟（导演版）', 'BattleshipIsland', '　　影片讲述日本殖民时期，400余名朝鲜难民受到强征来到日本军舰岛，试图逃离以免遭到杀害的故事。', '7.7', '30331', '99.00', null, 'w', '2018-04-16 13:58:16', 'w', '2018-04-16 14:22:51', null, '0');
INSERT INTO `film_detail` VALUES ('477', '2017', 'https://img1.doubanio.com/view/photo/s_ratio_poster/public/p2505204599.jpg', null, '羞辱', '齐德·多尔里', '齐德·多尔里/JoelleTouma', 'AdelKaram/卡梅尔·巴沙/CamilleSalameh/戴曼德·布·阿布德/RitaHayek/TalalJurdi/ChristineChoueiri/JuliaKassar/RifaatTorbey/CarlosChahine', '1', '黎巴嫩', '阿拉伯语', '2017-08-31', '112分钟', '诋毁/侮辱/你只欠我一个道歉(台)/给我一个道歉(港)/TheInsult/L\'insulte', '　　一人是黎巴嫩基督徒，另一人是巴勒斯坦难民，两人因口角摩擦走上法庭。这场斗争在媒体的推动下引发了全国范围的大动荡。看似两人之间的小事，实际上牵扯出整个中东的政治及信仰问题，由此影片引发人们有关真相、信仰、人性与和平的思考。男主卡梅尔·巴沙凭借此片夺得威尼斯电影节沃尔皮杯最佳男演员。', '8.1', '375', '99.00', null, 'w', '2018-04-21 18:35:56', 'super', '2018-05-09 16:56:39', null, '0');
INSERT INTO `film_detail` VALUES ('478', '2018', 'https://img3.doubanio.com/view/photo/s_ratio_poster/public/p2517770792.jpg', null, '通勤营救', '佐米·希尔拉', '拜伦·维林格/菲利普·德·布拉西/瑞安·恩格尔', '连姆·尼森/维拉·法米加/帕特里克·威尔森/乔纳森·班克斯/山姆·尼尔/伊丽莎白·麦戈文/基连·斯科特/沙扎德·拉蒂夫/安迪·尼曼/克拉拉·拉戈/罗兰·默勒/弗洛伦斯·皮尤/迪恩·查尔斯·查普曼/埃拉-雷·史密斯/妮拉·阿利亚/柯林·麦克法兰/寇布勒·霍尔德布鲁克-史密斯/亚当·那加提斯/金斯利·本-阿德/戴姆森·伊德瑞斯/本·卡普兰/利蒂希娅·赖特/杰米·比米什', '2, 7, 3', '美国/英国', '英语', '2018-03-30', '105分钟/104分钟(中国大陆)', '疾速救援(台)/追命列车(港)', '　　影片将故事设定在一列通勤列车上，一位十年如一日乘坐列车上下班的商界人士麦考利（连姆·尼森 饰），偶遇一位主动搭讪的“神秘乘客”乔安娜（维拉·法米加 饰）。乔安娜为麦考利提供了一个极具诱惑性的任务——找出车上的一位乘客，即可获得一笔巨额现金作为回报。但在寻找的过程中，麦考利逐渐发现自己卷入到一场致命的危险处境中。 　　他是否能够从这辆“恐怖列车”中成功逃脱，背后又隐藏着怎样的惊天阴谋。随着列车不断加速，真相逐一揭开......', '6.7', '22456', '99.00', null, 'w', '2018-04-21 18:35:56', 'super', '2018-05-09 16:56:40', null, '0');
INSERT INTO `film_detail` VALUES ('479', '2018', 'https://img3.doubanio.com/view/photo/s_ratio_poster/public/p2516825103.jpg', null, '第三度嫌疑人', '是枝裕和', '是枝裕和', '福山雅治/役所广司/广濑铃/满岛真之介/市川实日子/松冈依都美/桥爪功/齐藤由贵/吉田钢太郎/莳田彩珠', '1, 6, 3', '日本', '日语', '2018-03-30', '124分钟/125分钟(中国大陆)', '第三度杀人(港)/第三次杀人(台)/Sandomenosatsujin/TheThirdMurder', '　　重盛朋章（福山雅治 饰）是一名律师，某日，他接到了一个十分棘手的委托。被告人名叫三隅高司（役所广司 饰），他被起诉犯下了杀人的罪行，并且用火残忍的焚烧了尸体。为了使高司免于死刑的惩罚，朋章开始巨细摩遗的梳理起了案情。可是，让他感到疑惑的是，高司的杀人动机始终都隐藏在迷雾之中。就连高司自己对于动机的论述也屡屡发生着变化。 　　为了弄清楚案件的真相，朋章走访了死者的妻子美津江（齐藤由贵 饰），美津江奇怪的态度更加深了朋章的疑虑。咲江（广濑铃 饰）是死者的女儿，她的出现让案情终于有了头绪，然而这种种的蛛丝马迹却将案件的整个真相牵引到了另一条道路之上。 ©豆瓣', '7.1', '14988', '99.00', null, 'w', '2018-04-21 18:35:56', 'super', '2018-05-09 16:56:39', null, '0');
INSERT INTO `film_detail` VALUES ('481', '2018', 'https://img3.doubanio.com/view/photo/s_ratio_poster/public/p2511355624.jpg', null, '唐人街探案2', '陈思诚', '陈思诚', '王宝强/刘昊然/肖央/刘承羽/尚语贤/王迅/妻夫木聪/迈克尔·皮特/白灵/元华/曾江/王成思/杨金赐/范湉湉/佟丽娅/陈思诚', '17, 2, 6, 3', '中国大陆', '汉语普通话', '2018-02-16', '120分钟', '唐探2/DetectiveChinatownVol2', '　　唐仁（王宝强 饰）为巨额奖金欺骗秦风（刘昊然 饰）到纽约参加世界名侦探大赛，然而随着和世界各国侦探们啼笑皆非的较量，两人却发现了隐藏在这次挑战背后的更大秘密...', '6.9', '332308', '99.00', null, 'w', '2018-04-27 16:14:12', 'super', '2018-05-09 16:56:36', null, '0');
INSERT INTO `film_detail` VALUES ('482', '2018', 'https://img1.doubanio.com/view/photo/s_ratio_poster/public/p2514384737.jpg', null, '现在去见你', '李章焄', '李章焄', '苏志燮/孙艺珍/金贤秀/李有镇/高昌锡/李俊赫/孙云恩/金智焕/裴侑蓝', '1, 5, 18', '韩国', '韩语', '2018-03-14', '132分钟', '雨你再次相遇(台)/现在，很想见你/BewithYou', '　　本片根据市川拓司小说《相约在雨季》改编，苏志燮和孙艺珍主演，讲述男子(苏志燮饰)的妻子秀雅(孙艺珍饰)去世前告诉他，自己将在下一个雨季回来。果不其然，雨季来临之际，妻子如约而至。可奇怪的是，妻子似乎忘记了他和家庭。', '8.2', '2119', '99.00', null, 'w', '2018-04-27 16:14:12', 'super', '2018-05-09 16:56:36', null, '0');
INSERT INTO `film_detail` VALUES ('483', '2018', 'https://img3.doubanio.com/view/photo/s_ratio_poster/public/p2513982852.jpg', null, '小公女', '全高云', '全高云', '李絮/崔德门/金在华/金国熙/李成旭/曹秀香/姜臻雅/金艺恩/安在洪', '1, 5', '韩国', '韩语', '2018-03-22', '102分钟', 'Microhabitat', '　　“就算没有房，也依然要有明确的思想和喜好”做了三年家政帮佣的微笑（李絮饰）人生中只要有一杯威士忌、一口烟和心爱的男友就足矣，可随着新年到来，房租不断攀升，威士忌和烟的价格也不断上涨，薪水却依然毫无波动，既然自己的喜好变得越来越贵，那么便只有放弃房子。可爱的现代版小公主微笑的城市漂流生活就此开始，就算没有房子，生活还是照着自己喜爱的方式继续着…', '7.8', '789', '99.00', null, 'w', '2018-04-27 16:14:12', 'super', '2018-05-09 16:56:39', null, '0');
INSERT INTO `film_detail` VALUES ('484', '2018', 'https://img3.doubanio.com/view/photo/s_ratio_poster/public/p2519628553.jpg', null, '红雀', '弗朗西斯·劳伦斯', '贾斯汀·海瑟/杰森·马修斯', '詹妮弗·劳伦斯/乔尔·埃哲顿/马提亚斯·修奈尔/夏洛特·兰普林/玛丽·露易斯·帕克/塞伦·希德/乔莉·理查德森/比尔·坎普/杰瑞米·艾恩斯/斯科拉·鲁特/道格拉斯·霍奇斯/沙基纳·贾弗里/谢尔盖·波卢宁/萨沙·福罗娃/塞巴斯蒂安·胡克', '1, 6, 7', '美国', '英语/俄语', '2018-03-02', '139分钟', '红雀特工(港)/红色麻雀/红燕子/红麻雀/朱雀', '　　小说《红燕子》2012年六月份出版，讲述了一位当代俄罗斯的美女间谍多米尼卡·叶戈罗娃（Dominika Egorova ）在不情愿的情况下被克格勃训练成为一名“燕子”（克格勃色情间谍的代号，男性称为乌鸦），之后被派去勾引一名美国的中情局特工内森尼尔·纳什（Nathaniel Nash）以获取美国打入俄罗斯内部的间谍名单。然而多米尼卡与纳什这两个年轻人却碰撞出了爱情的火花，之后多米尼卡为了报复那些把她训练成“燕子”的同僚，主动选择成为一名为中情局服务的双重间谍。在她的帮助下，俄罗斯安插在美国华盛顿和军方的高级间谍纷纷被揪了出来，而她也将排除万难，重回莫斯科，成为普京身边的美国眼线……', '6.2', '6604', '99.00', null, 'w', '2018-04-27 16:14:12', 'super', '2018-05-09 16:56:37', null, '0');
INSERT INTO `film_detail` VALUES ('485', '2018', 'https://img3.doubanio.com/view/photo/s_ratio_poster/public/p2518268771.jpg', null, '寻找罗麦', '王超', '王超', '韩庚/杰瑞米·埃尔卡伊姆/菅纫姿/阿丽斯·德·朗克桑/海伦·文森特/雷诺·科恩/胡瑞杰/安迪·吉雷/邓紫衣/罗阜艺/朱宏奇', '1, 5', '中国大陆/法国', '汉语普通话/英语/藏语/法语', '2018-04-13', '83分钟', '寻找麦卡尼/SeekMcCartney/LookingforRohmer', '　　赵捷和罗麦相识已久，在经历过一次导致少年意外死亡的车祸之后，二人逐渐产生罅隙。事后，罗麦去了西藏，却全然未知等待他的是一场不测风云。罗麦走后，赵捷也踏入这段象征涅槃与救赎的莲花之旅，一直在路上的他，始终在寻找着一个模糊的身影。', '4.5', '2486', '99.00', null, 'w', '2018-04-27 16:14:13', 'super', '2018-05-09 16:56:41', null, '0');
INSERT INTO `film_detail` VALUES ('486', '2018', 'https://img3.doubanio.com/view/photo/s_ratio_poster/public/p2509643816.jpg', null, '捉妖记2', '许诚毅', '吴炜伦/陈咏燊/苏亮', '梁朝伟/白百何/井柏然/李宇春/杨祐宁/大鹏/吴君如/曾志伟/黄磊/柳岩/吴莫愁/伍嘉成/赵磊/谷嘉诚/彭楚粤/陈泽希/郭子凡/肖战/焉栩嘉/夏之光/姜超/娄艺潇/张俪', '17, 18', '中国大陆/香港', '汉语普通话', '2018-02-16', '110分钟', 'MonsterHunt2', '　　上一集与胡巴分别后，天荫（井柏然 饰）带着小岚（白百何 饰）踏上寻父之路，在义薄云天的天师堂堂主云大哥（杨祐宁 饰）的帮助下，二人得知天荫父亲宋戴天的护妖轨迹；而重回永宁村的胡巴再度被妖王追杀，颠沛流离逃亡时结识大赌徒屠四谷（梁朝伟 饰）和一只妖怪，三人一起过着相依为命的生活，但又因屠四谷欠下的巨额赌债横生诸多波折。与此同时 ，江湖盛传小妖王胡巴的重金悬赏令，妖界大军、天师精英、绿林草莽闻风而动，多方势力为抢夺胡巴在清水镇掀起腥风血雨。千钧一发之际，念子心切的天荫和小岚通过天师堂找到胡巴并一起逃离险境。岂料，一场更大的惊天阴谋尾随而至，伺机而动……', '5.0', '130563', '99.00', null, 'w', '2018-04-27 16:14:13', 'super', '2018-05-09 16:56:37', null, '0');
INSERT INTO `film_detail` VALUES ('487', '2017', 'https://img1.doubanio.com/view/photo/s_ratio_poster/public/p2507115038.jpg', null, '凭空而来', '法提赫·阿金', '法提赫·阿金/哈克·波姆', '黛安·克鲁格/丹尼斯·莫斯奇托/纽曼·阿卡/萨米娅·穆里尔·产肯/约翰内斯·克里施/乌尔里希·图库尔/乌尔里奇·布兰德霍夫/汉娜·希尔斯多夫/亚尼斯·伊科诺米季斯/希尔·艾罗格路/杰西卡·麦金泰尔', '1', '德国/法国', '德语', '2017-05-26', '106分钟', '烈爱天堂(台)/公义暗角(港)/从哪儿冒出来/IntheFade', '　　卡佳（黛安•克鲁格饰）原本与千千万万的普通人一样，是一个幸福的妻子和母亲。不料一次爆炸事件夺走了土耳其裔丈夫和儿子的生命。经查证，爆炸事件是由两名德国“新纳粹分子”策划。悲痛欲绝的卡佳誓为家人讨回公道，却不断在制度、法律和偏见中碰壁。在绝望中走投无路的她，开始了复仇的计划…… 　　德国著名导演法提赫•阿金的作品向来注重社会批判和政治平等，是一位名副其实的“斗士”。此次，他在延续个人风格的基础上，不但在镜头语言和叙事技巧上带给观众诸多惊喜，在主题上也直指极右翼势力，传达了在当今语境下十分重要的信息。女主角黛安•克鲁格更是贡献了其职业生涯最佳表演，并凭本片一举夺得戛纳电影节最佳女主角。', '7.5', '2425', '99.00', null, 'w', '2018-04-27 16:14:13', 'super', '2018-05-09 16:56:37', null, '0');
INSERT INTO `film_detail` VALUES ('488', '2017', 'https://img3.doubanio.com/view/photo/s_ratio_poster/public/p2518558081.jpg', null, '你从未在此', '琳恩·拉姆塞', '琳恩·拉姆塞/乔纳森·埃梅斯', '杰昆·菲尼克斯/叶卡特琳娜·萨姆索诺夫/亚历桑德罗·尼沃拉/亚历克斯·马内塔/约翰·道曼/朱迪思·罗伯茨/麦迪逊·阿诺德/德沃拉·纳尔逊', '1, 6, 7', '英国/法国/美国', '英语', '2017-05-27', '89分钟', '失控救援(台)/独行煞星(港)/你从未真正停驻/身不在场/ABeautifulDay', '　　染血斧头、燃烧的女童照片、自封于胶袋一呼一吸的人头，急速跳跃的凌乱影像，先声夺人为沉郁躁动风格定调。亚祖(杰昆·菲尼克斯 饰)从退役军人变身合约杀手，受雇为参议员从绑匪手中救回被卖当娼的爱女，不惜一切以暴易暴，杀出重围救人自救。林恩·拉姆塞继《凯文怎么了》（2011）后再带来暴力惊慄的强烈冲击，犹如从马丁·斯科塞斯《出租车司机》（1976）的倒后镜，近距离凝视驾驶座上杰昆·菲尼克斯的满脸于思，逐步揭开沉默背后压抑的童年创伤，与纽约街头的腐败沉沦。本片获第70届戛纳最佳男主角及最佳编剧奖。', '6.9', '4314', '99.00', null, 'w', '2018-04-27 16:14:13', 'super', '2018-05-09 16:56:39', null, '0');
INSERT INTO `film_detail` VALUES ('489', '2018', 'https://img3.doubanio.com/view/photo/s_ratio_poster/public/p2515018270.jpg', null, '妈妈咪鸭', '赵锐/克里斯托弗·詹金斯', '丁丁/包欧/吴亦欢/克里斯托弗·詹金斯/罗布·缪尔', '赵路/武皓栋/殷筱瑜/金蝉妃/童自荣/吴磊/赵乾景/李传缨/姜玉玲/曹真/王肖兵', '17, 16, 4, 9', '中国大陆/美国', '汉语普通话/英语', '2018-03-09', '90分钟', 'DuckDuckGoose', '　　小黄鸭大电影《妈妈咪鸭》讲述了雁群往南方迁徙的途中，“最棒飞行家”大鹏桀骜不驯爱捣乱，和他的女友晶晶调情时不慎撞散了一群赶路的小鸭子。不服管教的大鹏决定单飞，不得已和两只落单的小鸭子淘淘、憇憇组成了“临时父子档”，踏上了一路乌龙的寻亲和南迁之旅。 　　他们经历了一连串惊险、刺激又有趣的冒险。划过壮美的梯田，爬过冷峻的山脉，遇上好心收留他们的母鸡和妻管严公鸡、搭乘春运卡车的猪群、半瓶子中医技能的松鼠。路途中要时刻抵御想吃掉他们的恶猫，还险些成为“盘中烤鸭”。大鹏与淘淘姐弟两的命运紧紧关联，孤傲的大鹏也逐渐学会了责任与耐心。最后，焕然一新的大鹏得到了女友晶晶的原谅，和两只小鸭子组成了爱意满满的小家庭。', '7.0', '4270', '99.00', null, 'w', '2018-04-27 16:14:13', 'super', '2018-05-09 16:56:40', null, '0');
INSERT INTO `film_detail` VALUES ('490', '2018', 'https://img1.doubanio.com/view/photo/s_ratio_poster/public/p2502530749.jpg', null, '12勇士', '尼科莱·弗格西格', '泰德·塔里/彼得·克莱格/道格·斯坦顿', '克里斯·海姆斯沃斯/迈克尔·珊农/迈克尔·佩纳/纳维德·内加班/崔凡特·罗兹/吉欧夫·斯图兹/萨德·拉金比尔/奥斯汀·赫伯特/奥斯汀·斯托维尔/本·奥图尔/肯尼斯·米勒/肯尼·谢尔德/杰克·凯西/罗伯·里格尔/威廉·菲德内尔/阿希亚·曼达维/埃尔莎·帕塔奇/玛丽·瓦根曼/劳伦·迈尔斯/阿利森·金/莱斯·纳克里/法希姆·法兹利/纽曼·阿卡/塞斯·艾德金斯/泰勒·谢里丹', '1, 24, 12', '美国', '英语', '2018-01-19', '130分钟', '12猛汉(台)/12壮士(港)/骑兵团/马背上的战士/HorseSoldiers', '　　本片根据真人真事改编,讲述2001年911事件后一支美国特种兵小分队被派往阿富汗山区执行任务。锤哥扮演“绿色贝雷帽小队”队长,他不得不离开自己的妻子Elsa去执 行任务,带着12人的小分队踏上了阿富汗征程,并说服了北方联盟将军来共同对付塔利班及基地组织。为配合阿富汗地形和攻敌战略,特种部队们驾着马匹化身骑兵队,在险恶的山区追击敌军,一连串生死交锋的激烈战争一触即发。', '6.7', '5916', '99.00', null, 'w', '2018-04-27 16:14:14', 'super', '2018-05-09 16:56:40', null, '0');
INSERT INTO `film_detail` VALUES ('491', '2017', 'https://img3.doubanio.com/view/photo/s_ratio_poster/public/p2510411684.jpg', null, '淹没', '维姆·文德斯', '艾琳·迪格纳穆/J·M·莱贾德', '艾丽西亚·维坎德/詹姆斯·麦卡沃伊/亚历山大·希迪格/雅尼克·许曼/勒达·卡代布/塞林·琼斯/耶斯·利奥丹/安德烈娅·瓜施/亚历克斯·哈夫纳', '1, 5, 7', '德国/法国/西班牙/美国', '英语', '2017-09-10', '112分钟', '爱情淹没(港)', '　　詹姆斯·麦卡沃伊、艾丽西亚·维坎德加盟的爱情片《淹没》将于三月开机，导演维姆·文德斯。故事围绕女科学家丹妮尔与英国商人詹姆斯的爱情故事展开。詹姆斯因被伊斯兰圣战分子囚禁，与丹妮尔远隔千里，两人的爱情面临生与死的考验。Embankment公司将在2月开展的欧洲电影交易市场上对本片进行预售。', '6.6', '961', '99.00', null, 'w', '2018-04-27 16:14:14', null, null, null, '0');
INSERT INTO `film_detail` VALUES ('492', '2017', 'https://img1.doubanio.com/view/photo/s_ratio_poster/public/p2479605659.jpg', null, '明月几时有', '许鞍华', '何冀平', '周迅/彭于晏/霍建华/叶德娴/郭涛/春夏/黄志忠/蒋雯丽/梁家辉/王菀之/吕良伟/鲍起静/李灿森/梁文道/张兆辉/冯淬帆/苑琼丹/唐宁/卢巧音/许鞍华/永濑正敏/森田凉花/廖骏雄/何华超/蔡瀚亿/欧锦棠/熊欣欣/吴岱融', '1, 24, 12', '中国大陆/香港', '汉语普通话', '2017-07-01', '130分钟', 'OurTimeWillCome', '　　故事发生在1940年代的香港，妙龄少女方兰（周迅 饰）和母亲（叶德娴 饰）一起过着相依为命的生活，两人将家中的二楼租住给了作家茅盾（郭涛 饰）和其太太孔德沚（蒋雯丽 饰）。方兰十分热爱矛盾的文字，在其中感受到了火热的革命热情和澎湃的民族气节，然而对于身边动荡的时局和紧张的政治氛围，方兰却知之甚少。 　　刘锦进（彭于晏 饰）是拥有着矫健身手的进步青年，受组织委托，他负责护送滞留在香港的一批重要文人返回大陆，茅盾一家人便在名单之列。在误打误撞之中，方兰被卷入了这一危险的行动之中，并在刘锦进的建议和鼓励之下，加入了革命队伍之中去，母女两人因此被卷入了历史的滚滚洪流之中。 ©豆瓣', '6.9', '56438', '99.00', null, 'w', '2018-04-27 16:14:15', 'super', '2018-05-09 16:56:41', null, '0');
INSERT INTO `film_detail` VALUES ('493', '2018', 'https://img3.doubanio.com/view/photo/s_ratio_poster/public/p2516560274.jpg', null, '好朋友', '艾伦·斯密特', '亨克·伯格/米兰德·德·钟', '马吉德·马多/乔夏·斯特拉道斯基/珍妮·阿里安/塔尼娅·杰丝/娜西米耶·欧拉尔/梅乐蒂·克蕾沃/索妮娅·艾肯/穆罕默德·阿拉哈德/安尼·普拉克/埃琳娜·祖德梅尔/罗斯科·莱金/弗瑞特斯·拉姆布雷希茨/米兰达·炅灵/舒尔德·德拉格斯玛/贝琳达·范·德·斯杜普/贾斯汀·莫伊耶/马尔科姆·雨果·格伦', '1, 5, 14', '荷兰', '荷兰语', '2018-03-07', '80分钟', '只是朋友/朋友牵牵手/JustFriends', '　　返乡青年Yad在Joris奶奶家工作，两人的相遇天雷勾动地火，一发不可收拾，历经母亲的不谅解、父爱的失落感、旁人的嘲讽，磕磕绊绊后，两人是否仍能相互扶搀？', '7.6', '938', '99.00', null, 'w', '2018-04-27 16:14:15', null, null, null, '0');
INSERT INTO `film_detail` VALUES ('494', '2017', 'https://img3.doubanio.com/view/photo/s_ratio_poster/public/p2494948513.jpg', null, '杀破狼·贪狼', '叶伟信', '梁礼彦', '古天乐/吴樾/托尼·贾/林家栋/克里斯·柯林斯/郑雪儿/卢惠光/蔡洁/陈汉娜/维他亚·潘斯林加姆/SompobBenjathikul/斯拉潘·瓦塔纳金达', '1, 2', '香港/中国大陆', '粤语', '2017-08-17', '101分钟', 'Paradox', '　　香港警察李忠志（古天乐 饰）得知女儿芝（陈汉娜 饰）于泰国旅游间莫名失踪，即亲赴泰国报警求助。负责案件的华人探员崔杰（吴樾 饰），应允让他一同调查，却想不到李忠志利用媒体呼吁市民提供线索。 一条意外拍下芝被捉走的片段上载至警方网站，却被神秘删除。崔杰即连同好友兼同袍Tak（托尼·贾 饰）同赴寻找片主，却遇神秘人马截足灭证，狭路相逢，展开追截并与之搏斗。李忠志与崔杰两人逐步调查，却发现案中有案，并开始意识凶手背后神秘势力非他们能对付……', '7.2', '94474', '99.00', null, 'w', '2018-04-27 16:14:15', null, null, null, '0');
INSERT INTO `film_detail` VALUES ('495', '2017', 'https://img3.doubanio.com/view/photo/s_ratio_poster/public/p2504455660.jpg', null, '烟花', '新房昭之/武内宣之', '大根仁/岩井俊二', '广濑铃/菅田将晖/宫野真守/松隆子/花泽香菜/浅沼晋太郎/丰永利行/梶裕贵/三木真一郎/樱井孝宏/根谷美智子/飞田展男/宫本充/立木文彦', '1, 16', '日本', '日语', '2017-12-01', '90分钟', '烟花动画版/烟花，应该和谁看(港)/升空的焰火，从下面看？还是从侧面看？/Fireworks,ShouldWeSeeItfromtheSideortheBottom?/Uchiagehanabi,shitakaramiruka?Yokokaramiruka?', '　　海边的中学里，同学争论着「烟花从侧面看，是圆的还是扁的？」决定趁烟花大会当晚找答案。此时女神及川荠正为母亲再婚一事而苦恼，于是叫同时暗恋她的典道和祐介比赛游泳，谁胜出就可以和她一起私奔！不甘落败的典道暗忖:「假如我能穿越时空…」，时空竟然真的回到比赛那天，典道能否改变赛果，捉紧错过了的缘份？', '5.1', '15508', '99.00', null, 'w', '2018-04-27 16:14:15', 'super', '2018-05-09 16:56:38', null, '0');
INSERT INTO `film_detail` VALUES ('496', '2017', 'https://img3.doubanio.com/view/photo/s_ratio_poster/public/p2513950795.jpg', null, '敌对分子', '斯科特·库珀', '斯科特·库珀/唐纳德·斯图尔特', '克里斯蒂安·贝尔/裴淳华/本·福斯特/史蒂芬·朗/杰西·普莱蒙/保罗·安德森/斯科特·威尔森/考莉安卡·基尔彻/乔纳森·梅杰斯/罗利·科奇瑞恩/彼得·穆兰/亚当·比奇/韦斯·斯塔迪/蒂莫西·柴勒梅德/比尔·坎普', '1, 34, 9', '美国', '英语/夏安语', '2017-09-02', '127分钟', '敌对者', '　　背景设定在1892年，讲述在一场严峻的反抗暴乱之后，上尉Blocker勉强同意护送生命危在旦夕的夏延酋长及家人返回他们生活的部落。在这段从新墨西哥州前往蒙大拿州草地痛苦又冒险的旅程中，这对前竞争对手遇到了一个寡妇，她的家人们在平原之上被谋杀了。三方要共同合作克服艰难的地形继续上路，还要对抗科曼奇族的敌人以及邪恶凶猛的露宿者。', '6.7', '943', '99.00', null, 'w', '2018-04-27 16:14:15', null, null, null, '0');
INSERT INTO `film_detail` VALUES ('497', '2018', 'https://img1.doubanio.com/view/photo/s_ratio_poster/public/p2512558317.jpg', null, '温彻斯特', '迈克尔·斯派瑞/彼得·斯派瑞', '迈克尔·斯派瑞/彼得·斯派瑞/汤姆·沃恩', '海伦·米伦/莎拉·斯努克/杰森·克拉克/安格斯·桑普森/布鲁斯·斯宾斯/埃蒙·法伦/劳拉·布伦特/泰勒·科宾/艾姆·怀斯曼/索尔·卡尔森/杰夫瑞·W·詹金斯/达韦恩·乔丹/泽维尔·勾奥尔特/爱丽丝·查斯顿/霍梅洛·洛佩兹/杰夫·里帕瑞', '6, 7, 13', '美国/澳大利亚', '英语', '2018-02-02', '99分钟', '温彻斯特鬼屋(台)/Winchester:TheHouseThatGhostsBuilt/WinchesterMysteryHouse/The13thHour', '　　海伦·米伦将独挑斯派瑞兄弟惊悚片《温彻斯特》大梁，扮演遭受冤魂诅咒的军火公司女继承人。故事取材于“世界最恐怖建筑”温彻斯特神秘屋，影片今年开机，将于美国圣何塞及澳大利亚取景。', '5.0', '668', '99.00', null, 'w', '2018-04-27 16:14:15', null, null, null, '0');
INSERT INTO `film_detail` VALUES ('498', '2018', 'https://img3.doubanio.com/view/photo/s_ratio_poster/public/p2512145234.jpg', null, '消失的夜晚', '이창희', '李熙燦/李昌熙/奥里奥尔·保罗(原作)', '金相庆/金康宇/金喜爱', '6, 7, 3', '韩国', '韩语', '2018-03-07', '101分钟', '消尸的夜晚(台)/消失的夜/TheVanished', '　　该片翻拍西班牙电影。 　　围绕国立科学搜查院遗失的一具尸体而展开的故事。 　　金相庆饰演刑警，金喜爱、金刚于饰演一对夫妇。 　　丈夫（金刚于饰）计划了一场杀死妻子（金喜爱饰）的完美犯罪，可短短几个小时后，妻子的尸体就在国科搜的停尸间里不翼而飞，丈夫也在此时收到了一封信“我会在埋 葬 了我们的秘密的地方 等你”，警方怀疑这一切都是丈夫所为，而丈夫却坚称这全都是妻子的自导自演，她究竟死了吗？ 　　电影2018年3月上映。', '6.7', '1144', '99.00', null, 'w', '2018-04-27 16:14:15', null, null, null, '0');
INSERT INTO `film_detail` VALUES ('499', '2018', 'https://img3.doubanio.com/view/photo/s_ratio_poster/public/p2510814252.jpg', null, '昆虫物语', '杨·史云梅耶', '杨·史云梅耶/卡雷尔·恰佩克/JosefCapek', '扬·布达尔/伊里·拉布斯/加罗米尔·杜拉瓦/NorbertLichý/KamilaMagálová/IvanaUhlírová', '1, 17, 16', '捷克/斯洛伐克', '捷克语', '2018-01-27', '98分钟', 'Insects/人间变虫记', '　　捷克超现实主义大师杨·史云梅耶的最新作品，记录了一个业余剧团把恰佩克兄弟1924年的剧本《昆虫生活图鉴》搬上舞台的过程。作为一部低成本的众筹长片，观赏性、艺术性都很不错。原剧本有意把人比作昆虫，充满讽刺意味。', '6.9', '756', '99.00', null, 'w', '2018-04-27 16:14:16', null, null, null, '0');
INSERT INTO `film_detail` VALUES ('500', '2017', 'https://img1.doubanio.com/view/photo/s_ratio_poster/public/p2495018667.jpg', null, '摇曳的心', '熊泽尚人', '熊泽尚人', '吉高由里子/松坂桃李/松山研一/佐津川爱美/清野菜名/清原果耶/木村多江', '1, 6', '日本', '日语', '2017-09-23', '128分钟', '百合心', '　　影片改编自同名小说，故事讲述的是：短短半年内，女友失踪、父亲（松山研一）确诊癌症晚期、母亲（吉高由里子）车祸身亡，亮介（松坂桃李）觉得自己的人生已跌落谷底。然而，灾难从不因悲伤就不再来临。', '6.8', '1491', '99.00', '5', 'w', '2018-04-27 16:14:16', null, null, null, '0');
INSERT INTO `film_detail` VALUES ('501', '2018', 'https://img3.doubanio.com/view/photo/s_ratio_poster/public/p2516550360.jpg', null, '7年之夜', '秋昌旼', '秋昌旼/李镕莲/丁柚井', '柳承龙/张东健/文晶熙/宋诗曦/高庚杓', '1, 7', '韩国', '韩语', '2018-03-28', '123分钟', '七年之夜/SevenYearsofNight', '　　柳承龙饰演的贤秀深夜开车撞倒了一个小女孩，慌了手脚的他做出了令他后悔一生的决定，将小女孩丢进了湖水；失去女儿的男人英宰（张东健 饰）随后开始追查女儿去世的真相，并展开了复仇，竟牵扯除了一段横跨七年的恩怨纠葛。', '5.6', '457', '99.00', null, 'w', '2018-04-27 16:14:16', null, null, null, '0');
INSERT INTO `film_detail` VALUES ('502', '2018', 'https://img3.doubanio.com/view/photo/s_ratio_poster/public/p2513360824.jpg', null, '昆池岩', '郑凡植', '郑凡植', '魏河俊/朴智贤/吴雅妍/朴成勋/文艺媛/刘帝允/李丞旭', '7, 13', '韩国', '韩语', '2018-03-28', '94分钟', '鬼病院：灵异直播(台)/疯人院逐个捉(港)/魂断疯人院/Gonjiam:HauntedAsylum', '　　原名南营神经精神医院的昆池岩精神病院，最早建立于20世纪60年代。在特殊的时代它曾经历了无比的辉煌，然而更为人熟知的则是该医院身上所发生的各类恐怖事件。现如今，早已废弃的昆池岩医院被CNN票选为全球七大恐怖之地之一，更由此吸引无数寻求刺激的青年男女来此探险。三个月前，两名青少年来此探险，结果在直播中遭遇诡异事件，下落不明。此后，《恐怖世代》剧组在魏河俊的召集下，网罗了吴雅妍、朴智贤、夏洛特（文艺媛 饰）、李丞旭、朴成勋、刘帝允等人前往昆池岩，更试图打开备受诅咒的402室。 　　夜幕降临，全球网友一道观看这场恐怖盛宴…… ©豆瓣', '6.3', '38062', '99.00', '0', 'super', '2018-05-09 16:53:45', 'super', '2018-05-09 16:56:36', null, '0');
INSERT INTO `film_detail` VALUES ('503', '2017', 'https://img3.doubanio.com/view/photo/s_ratio_poster/public/p2499190654.jpg', null, '代号基亚斯：反叛的鲁路修1之兴道', '谷口悟朗', '大河内一楼/谷口悟朗', '福山润/樱井孝宏/野上尤加奈/小清水亚美/名塚佳织/折笠富美子/大原沙耶香/杉山纪彰/千叶纱子/若本规夫/井上喜久子/皆川纯子/南央美/梁田清之/成田剑/飞田展男/中田让治/真殿光昭/桧山修之/加濑康之/新井里美/私市淳/二又一成/辻亲八', '8, 16', '日本', '日语', '2017-10-21', '135分钟', 'CodeGeass:FukkatsunoLelouch/CodeGeass:LelouchoftheResurrection', '　　《Code Geass 反叛的鲁路修》故事以被神圣不列颠尼亚帝国侵略而亡国的日本「11 区」作为出发点。立志粉碎帝国的黑色王子鲁路修，与坚持公理的白色骑士朱雀所掀起的巨大变化。作品自 2006 年推出至今，已推出不少关联续作以及相关合作，至今仍有一定的支持者以及粉丝。', '8.1', '370', '99.00', '0', 'super', '2018-05-09 16:53:47', 'super', '2018-05-09 16:56:36', null, '0');
INSERT INTO `film_detail` VALUES ('504', '2018', 'https://img3.doubanio.com/view/photo/s_ratio_poster/public/p2514119443.jpg', null, '红海行动', '林超贤', '冯骥/陈珠珠/林明杰', '张译/黄景瑜/海清/杜江/蒋璐霞/尹昉/王强/郭家豪/王雨甜/麦亨利/张涵予/王彦霖', '2, 12', '中国大陆/香港', '汉语普通话/阿拉伯语/英语/索马里语/粤语', '2018-02-16', '138分钟', '刀锋·红海行动/OperationRedSea', '　　索马里海域外，中国商船遭遇劫持，船员全数沦为阶下囚。蛟龙突击队沉着应对，潜入商船进行突袭，成功解救全部人质。 　　返航途中，非洲北部伊维亚共和国发生政变，恐怖组织连同叛军攻入首都， 当地华侨面临危险，海军战舰接到上级命令改变航向，前往执行撤侨任务。蛟龙突击队八人，整装待发。 　　时间紧迫，在“撤侨遇袭可反击，相反则必须避免交火，以免引起外交冲突”的大原则下，海军战舰及蛟龙突击队深入伊维亚，在恶劣的环境之下，借助海陆等多种装备，成功转移等候在码头的中国侨民，并在激烈的遭遇战之后，营救了被恐怖分子追击的中国领事馆巴士。 　　然而事情尚未完结，就在掩护华侨撤离之际，蛟龙突击队收到中国人质被恐怖分子劫持的消息。众人深感责任重大，义无反顾地再度展开营救行动。前方路途险恶，蛟龙突击队即将遭遇的，远不止人质营救那么简单,恐怖分子的惊天阴谋即将浮出水面…..', '8.4', '389230', '99.00', '0', 'super', '2018-05-09 16:53:47', 'super', '2018-05-09 16:56:36', null, '0');
INSERT INTO `film_detail` VALUES ('505', '2018', 'https://img3.doubanio.com/view/photo/s_ratio_poster/public/p2515437624.jpg', null, '恋爱回旋', '石川淳一', '古泽良太', '新垣结衣/瑛太/广末凉子/苍井优/濑户康史/永野芽郁/山口纱弥加/佐野勇斗/远藤宪一/森崎博之/吉田钢太郎/久间田琳加/生濑胜久/铃木福/谷花音/真木阳子/小日向文世/中村安奈/水谷隼/石川佳纯/伊藤美诚/木造勇人/吉村真晴/浜本由惟', '17, 23', '日本', '日语', '2018-03-09', '119分钟', '混合双打/乒乓情人梦(港)/乒乓少女大逆袭(台)/混双/Mix!', '　　富田多满子（新垣结衣 饰）的母亲是一名十分优秀的乒乓球运动员，在母亲的严厉教导下，多满子的整个童年都在天才乒乓球少女的荣光之下度过。然而，多满子却并不是真心喜爱这项运动，于是，母亲过世后，她便彻底放飞了自我，就此远离了球桌。 　　随着时间的推移，多满子平凡的长大成为了一名OL，并且遇见了名为江岛晃彦（濑户康史 饰）的男子，两人走到了一起。然而，美梦是短暂的，第三者的出现让多满子和江岛之间的恋情画上了句号，与此同时，多满子辞掉了工作，灰头土脸的返回家乡，在那里，母亲留下的经营不善的乒乓球俱乐部等待着她的接手。 ©豆瓣', '7.3', '33234', '99.00', '0', 'super', '2018-05-09 16:53:47', 'super', '2018-05-09 16:56:37', null, '0');
INSERT INTO `film_detail` VALUES ('506', '2018', 'https://img3.doubanio.com/view/photo/s_ratio_poster/public/p2506695706.jpg', null, '忍者蝙蝠侠', '水崎淳平', '中岛一树/艾瑞克·加西亚/莱奥·褚', '山寺宏一/高木涉/加隈亚衣/钉宫理惠/田中敦子/小野大辅/大塚芳忠/子安武人/诹访部顺一/梶裕贵/石田彰/河西健吾/长岛雄一/森川智之/三宅健太/长妻树里/罗杰·克莱格·史密斯/托尼·海尔/格蕾·德丽斯勒/塔拉·斯特朗/亚当·克罗斯代尔/弗莱德·塔他斯西奥/尤里·洛文塔尔/威尔·弗里德尔/汤姆·肯尼/艾瑞克·鲍扎/马修·杨·金', '2, 16', '日本/美国', '日语/英语', '2018-04-24', '85分钟', 'ニンジャバットマン', '　　NYCC上的一份名单显示，2018年中，华纳兄弟将与“爆炸头武士”(日本漫画家冈崎能士)合作创作蝙蝠侠的新动画电影《忍者蝙蝠侠》。 　　蝙蝠侠、小丑、哈莉·奎茵、罗宾等齐齐穿越到了日本战国时代，小丑及他的邪恶盟友们想要更改这个国家的历史走向，蝙蝠侠必须出面，阻止这一切。', '7.1', '5682', '99.00', '0', 'super', '2018-05-09 16:53:47', 'super', '2018-05-09 16:56:37', null, '0');
INSERT INTO `film_detail` VALUES ('507', '2018', 'https://img3.doubanio.com/view/photo/s_ratio_poster/public/p2512933684.jpg', null, '环太平洋：雷霆再起', '斯蒂文·S·迪奈特', '斯蒂文·S·迪奈特/艾米丽·卡迈克尔/吉拉·斯奈德/T·S·诺林/特拉维斯·比彻姆', '约翰·博耶加/斯科特·伊斯特伍德/卡莉·史派妮/景甜/查理·戴/伯恩·戈曼/张晋/亚德里亚·霍纳/菊地凛子/卡兰·布拉尔/黄恺杰/伊万娜·萨赫诺/新田真剑佑/吉丽/雪莉·罗德里格斯/拉哈特·亚当斯/列维·米登/达斯汀·克莱尔/陈梓童/于小伟/钱泳辰/郭家铭/蓝盈莹/金桢勋/菊池润美/丹尼尔·弗雷里格尔/齐柏林·汉密尔顿/尼克·塔拉贝/布里德基·萨蒂纳/小蒂姆·约翰逊/玛德琳·麦格劳/乔什·斯坦伯/斯蒂芬妮·阿琳/卢克·朱迪', '2, 8, 9', '美国/中国大陆', '英语/汉语普通话', '2018-03-23', '111分钟', '环太平洋2/环太平洋2：雷霆再起/环太平洋2：起义时刻(台)/悍战太平洋2：起义时空(港)/环太平洋2：崛起/环太平洋2：漩涡/PacificRim:Maelstrom/PacificRim2', '　　故事发生在距离前作战乱结束十年之后的2035年。随着科技的进步，机甲更新换代，拥有了更先进的功能和更强劲的战斗力。但外星“先驱”仍对地球蠢蠢欲动，当海底虫洞再次被打开，进化而来的怪兽更加庞大且智慧，它们似乎酝酿着更具威胁的阴谋，地球再次陷入被巨兽侵袭的危机。面对机甲驾驶员的短缺，杰克（约翰·波耶加 饰）与奈特（斯科特·伊斯特伍德 饰）这对曾经的机甲驾驶员搭档再次联手，不得不冒险率领从未有过实战经验的机甲学员们奋起抵抗，为守护住人类最后的希望与怪兽展开硬碰硬的激烈一战。', '5.7', '98540', '99.00', '0', 'super', '2018-05-09 16:53:47', 'super', '2018-05-09 16:56:37', null, '0');
INSERT INTO `film_detail` VALUES ('508', '2018', 'https://img3.doubanio.com/view/photo/s_ratio_poster/public/p2515434674.jpg', null, '比得兔', '威尔·古勒', '威尔·古勒/罗伯·列博/碧翠丝·波特', '詹姆斯·柯登/多姆纳尔·格里森/萝丝·拜恩/伊丽莎白·德比茨基/玛格特·罗比/黛西·雷德利/科林·穆迪/山姆·尼尔/希雅/伊文·莱斯利/费萨尔·巴齐/克里斯蒂安·加扎尔/玛丽安娜·琼-巴普蒂斯特/加雷斯·戴维斯/山姆·哈夫特/萨莎·霍勒/娜塔丽·朱/特伦尼娅·爱德华兹/费利克斯·威廉森/许明珠/布莱恩·布朗/雷切尔·沃德/大卫·文翰/威尔·赖歇尔特', '17, 16, 9', '美国/英国/澳大利亚', '英语', '2018-03-02', '95分钟', '彼得兔', '　　电影《比得兔》是一部由英国百年经典IP改编的真人动画电影，影片讲述了田园冒险大王“比得兔”（詹姆斯·柯登 James Corden 配音）带领一众伙伴，与麦格雷戈（多姆纳尔·格里森 Domhnall Gleeson 饰）叔侄二人，为争夺菜园主权和隔壁美丽女主人贝伊（萝丝·拜恩 Rose Byrne 饰）的喜爱而斗智斗勇、各显神通的爆笑故事。随着人兔大战不断升级，一系列欢乐闹趣、令人捧腹、啼笑皆非的趣事也由此引发。', '7.3', '31020', '99.00', '0', 'super', '2018-05-09 16:53:48', 'super', '2018-05-09 16:56:37', null, '0');
INSERT INTO `film_detail` VALUES ('509', '2018', 'https://img1.doubanio.com/view/photo/s_ratio_poster/public/p2516082047.jpg', null, '遇见你真好', '顾长卫', '孔龙/祖乱乱/姚冠辰/张雨悠/施鸽/张亚曦/刘颖/顾长卫', '白客/蓝盈莹/张海宇/周楚濋/曹骏/王玉雯/蒋易/李晨晖/范明/蒋雯丽', '1, 17, 5', '中国大陆', '汉语普通话', '2018-03-29', '99分钟', '飞火流星/NicetoMeetYou', '　　当遇见爱情的时候才会发现，它就像万有引力，苹果总归会落地。在被称为“高四”的紫荆复读学校是一所爱情集中营，梦想成为作家的张文生和珊妮在互损中萌生情愫，好友陈奇误认为文生横刀夺爱，与“坏学生”青龙在小酒馆相遇并商议各自的复仇计划。不料陈奇带去的巨型烟花被青龙向酒馆发泄中引发火灾，带出人命。于是，这所学校里的一个又一个神秘搞笑的爱情故事浮出水面，一群热血而欢乐的男女演绎了另类的青春和爱情……', '4.7', '9466', '99.00', '0', 'super', '2018-05-09 16:53:48', 'super', '2018-05-09 16:56:37', null, '0');
INSERT INTO `film_detail` VALUES ('510', '2017', 'https://img1.doubanio.com/view/photo/s_ratio_poster/public/p2493086298.jpg', null, '极恶非道3', '北野武', '北野武', '北野武/西田敏行/大森南朋/泷正则/松重丰/大杉涟/盐见三省/白龙/名高达男/光石研/原田泰造/池内博之/津田宽治/金田时男/中村育二/岸部一德', '2, 3', '日本', '日语/韩语/英语', '2017-09-09', '104分钟', '极恶非道3：最终章/极恶非道最终章(台)/全员恶人最终章(港)/アウトレイジ3/Outrage:FinalChapter', '　　枪杀刑警片冈后，大友（北野武 饰）在韩国代理人张会长（金田时男 饰）的庇护下亡命济州岛。这个远离日本江湖的极道，却因某起事件和花菱会少壮派花田（皮埃尔泷 饰）起了冲突。此时花菱会由前任会长的女婿野村（大杉涟 饰）统领，作为若头的元老西野（西田敏行 饰）则根本不买这个外行老大的账。故而，怀恨在心的野村密谋借此次“济州岛事件”除去西野，并嫁祸张会长，谁知却很快演变成互相追杀彼此首脑的大战争。战争期间，没落的山王会图谋再起，而为给小弟报仇的大友也带着市川（大森南朋 饰）等人来到东京。秉承着仁义之心的大友，将为这个利欲熏心的黑道修罗场带来一场血腥风暴…… 　　本片为北野武“极恶非道”系列三部曲的最终章。 ©豆瓣', '7.3', '4539', '99.00', '0', 'super', '2018-05-09 16:53:48', 'super', '2018-05-09 16:56:37', null, '0');
INSERT INTO `film_detail` VALUES ('511', '2018', 'https://img3.doubanio.com/view/photo/s_ratio_poster/public/p2513341534.jpg', null, '爱在记忆消逝前', '保罗·维尔齐', '弗兰切斯卡·阿尔基布吉/弗朗西斯·皮克罗', '海伦·米伦/唐纳德·萨瑟兰/简·默勒尼/克里斯蒂·米切尔/罗伯特·沃克·布兰乔德/克里斯蒂安·麦凯/约书亚·胡佛/罗伯特·普拉尔戈/约书亚·米克尔', '17, 5, 9', '意大利/法国', '英语', '2018-02-23', '112分钟', '人生无限露营车(台)/爱在记忆消失前/浮生偷闲/求闲者/Ella&John-TheLeisureSeeker', '　　该片改编自Michael Zadoorian的同名小说，讲述了一对患重病的老夫妻开着老旧的房车从马塞诸塞州出发前往海明威的故居，在旅途中回顾人生的故事。 　　约翰是一位文学教师和作家，海明威的死忠，尽管阿兹海默症已经让他的记忆越来越差，甚至会忘记妻子和儿女的名字，却依旧可以随口说出海明威的所有作品，《老人和海》更是他的钟爱。因为妻子艾拉患重病需要住院， 约翰就只能进入养老院，携手走过一辈子的二人面临永远分开的未来。于是，他们有了一个疯狂的决定，决心驾驶名叫“leisure seeker 求闲者”的房车，从马塞诸塞州一路南行，回顾70年代曾和孩子们一起度假的旅程，目的地是西锁岛key west 的海明威故居。', '8.2', '9545', '99.00', '0', 'super', '2018-05-09 16:53:48', 'super', '2018-05-09 16:56:37', null, '0');
INSERT INTO `film_detail` VALUES ('512', '2017', 'https://img3.doubanio.com/view/photo/s_ratio_poster/public/p2503127230.jpg', null, '她不知道名字的那些鸟儿', '白石和弥', '浅野妙子/沼田真帆香留', '苍井优/阿部隆史/松坂桃李/村川绘梨/赤堀雅秋/赤泽瑟丽/中岛书/竹野内丰', '1, 6', '日本', '日语', '2017-09-07', '123分钟', '她不知道那些鸟的名字(台)/鸟兽行(港)/未闻鸟名(豆友译名)/BirdsWithoutNames', '　　北原十和子（苍井优 饰）与比她大15岁的佐野阵冶（阿部贞夫 饰）莫名同居，阵冶完全是「高富帅」的相反。于是，她暗地勾搭上有妇之夫水岛真(松坂桃李 饰)，同时又念念不忘八年前分手的前男友黑崎俊一（竹野内丰 饰）。阵冶发现十和子的奸情，开始骚扰水岛的家人与工作，使出各种下流手段，并说出「只要是为了十和子，我什么事都做得出来」。某天，警察上门来调查黑崎的失踪案件，于是十和子开始怀疑黑崎的失踪案是否和阵冶有关？苍井优饰演周旋于三个渣男之间的恶女，三个渣男，一个比一个还渣！日本直接打出「全员差劲！不快度百分百」的宣传。惊人的结局，爽快度破表。', '6.8', '2203', '99.00', '0', 'super', '2018-05-09 16:53:48', 'super', '2018-05-09 16:56:38', null, '0');
INSERT INTO `film_detail` VALUES ('513', '2018', 'https://img1.doubanio.com/view/photo/s_ratio_poster/public/p2513253129.jpg', null, '金钱世界', '雷德利·斯科特', '大卫·斯卡尔帕/约翰·皮尔逊', '米歇尔·威廉姆斯/克里斯托弗·普卢默/马克·沃尔伯格/查理·普拉默/罗曼·杜里斯/蒂莫西·赫顿/斯塔西·马汀/查理·肖特韦尔/安德鲁·巴肯/马克·莱昂纳蒂/朱塞佩·博尼法蒂/尼可拉斯·瓦波里蒂斯/安德里亚·皮耶迪蒙特·博迪尼/古列尔莫·法维拉/尼古拉·迪奇欧/阿黛尔·蒂兰特/亚历山德拉·罗卡/弗兰切斯卡·茵奥迪/丹尼尔·高斯林/乔纳森·阿里斯', '1, 6, 3', '美国', '英语', '2018-03-02', '132分钟/124分钟(中国大陆)', '万恶金钱(港)/世上所有的财富', '　　电影《金钱世界》改编自一起曾轰动世界的豪门绑架事件：世界首富保罗·盖蒂（克里斯托弗·普卢默 饰）之孙遭遇黑帮绑架，绑匪向其母盖尔（米歇尔·威廉姆斯 饰）索要1700万美元赎金，已经与丈夫离婚的盖尔无力支付这笔高昂的赎金，只能向盖蒂家族求救，但富可敌国却无比吝啬的老盖蒂却拒绝为孙子（查理·普拉默 饰）支付赎金，拿不到钱的绑匪丧心病狂的割下了人质的耳朵邮寄给盖蒂家族，心碎的盖尔在前CIA特工弗莱彻·蔡斯（马克·沃尔伯格 饰）的协助下，试图撼动这一僵局，解救自己的儿子……', '7.1', '21745', '99.00', '0', 'super', '2018-05-09 16:53:48', 'super', '2018-05-09 16:56:38', null, '0');
INSERT INTO `film_detail` VALUES ('514', '2017', 'https://img3.doubanio.com/view/photo/s_ratio_poster/public/p2485744460.jpg', null, '齐木楠雄的灾难 真人版', '福田雄一', '福田雄一', '山崎贤人/桥本环奈/新井浩文/吉泽亮/笠原秀幸/贺来贤人/室毅/佐藤二朗/田边诚一/内田有纪', '17', '日本', '日语', '2017-10-21', '97分钟', '超能力者齐木楠雄的灾难真人版', '　　《齐木楠雄的灾难》是根据麻生周一原作漫画改编的真人电影，由福田雄一执导并编剧。由山崎贤人主演、桥本环奈、新井浩文和吉泽亮等共同出演，于2017年10月21日在日本上映。电影《齐木楠雄的灾难》改编自麻生周一的漫画，导演福田雄一，讲述生来就有超能力的主人公高中生齐木楠雄，每天都面临着各种灾难的日常，是一部校园喜剧 。', '5.7', '1599', '99.00', '0', 'super', '2018-05-09 16:53:49', 'super', '2018-05-09 16:56:38', null, '0');
INSERT INTO `film_detail` VALUES ('515', '2018', 'https://img3.doubanio.com/view/photo/s_ratio_poster/public/p2517485270.jpg', null, '花滑女王', '奥列格·特罗费姆', '奥列格·马洛维奇克/安德烈·佐洛塔廖夫', '阿格拉娅·塔拉索娃/亚历山大·佩特罗夫/米洛斯·比柯维奇/玛丽亚·阿龙诺娃/瑟妮娅·拉芙洛娃-格林卡/彦·萨普尼克/克谢尼娅·拉波波尔特/维伦·巴比切夫/帕维尔·迈科夫/伊琳娜·斯达申鲍姆', '1, 5, 23', '俄罗斯', '俄语', '2018-03-30', '113分钟/89分钟(中国大陆)', '爱在跌倒后/Ice/Lyod', '　　花样滑冰新人娜佳虽然家境贫寒、天赋不足，却凭借母亲的鼓励和自身的不懈努力崭露头角，成为了世界顶级花滑男选手里奥纳夫的搭档，两人屡获佳绩，并坠入爱河成为备受瞩目的金童玉女。花滑世界杯前夕，娜佳意外受重伤，人生跌至谷底，里奥纳夫也选择了离开。心灰意冷之际，冰球运动员萨沙出现在娜迪亚的身边，二人由互相嫌弃发展出一段暖心的爱情。娜佳也在萨沙的鼓励下重塑信心再次出发，靠着执着与坚持度过了漫长的恢复期。当她终于可以重返赛场时，她的伤势再犯，人生面临再次选择......', '7.1', '8464', '99.00', '0', 'super', '2018-05-09 16:53:49', 'super', '2018-05-09 16:56:38', null, '0');
INSERT INTO `film_detail` VALUES ('516', '2018', 'https://img3.doubanio.com/view/photo/s_ratio_poster/public/p2514235105.jpg', null, '游戏之夜', '约翰·弗朗西斯·戴利/乔纳森·M·戈尔茨坦', '马克·佩雷斯', '杰森·贝特曼/瑞秋·麦克亚当斯/凯尔·钱德勒/莎朗·豪根/比利·马格努森/拉蒙尼·莫里斯/凯莉·班伯里/杰西·普莱蒙/迈克尔·C·豪尔/丹尼·赫斯顿/切尔西·帕瑞蒂/卡米利·陈/泽瑞克·威廉姆斯/约书亚·米克尔/R·F·戴利', '17, 6, 3', '美国', '英语', '2018-02-23', '100分钟', '游戏夜杀必死(台)/今晚玩救你(港)', '　　马克思(贝特曼饰)的兄弟布鲁克斯(钱德勒饰)筹划“谋杀”派对后却遭绑架，马克思、安妮(麦克亚当斯饰)以为这只是一场游戏，但显然他们已陷入困境。', '7.3', '2575', '99.00', '0', 'super', '2018-05-09 16:53:49', 'super', '2018-05-09 16:56:38', null, '0');
INSERT INTO `film_detail` VALUES ('517', '2017', 'https://img1.doubanio.com/view/photo/s_ratio_poster/public/p2502854299.jpg', null, '杀人者的记忆法', '元新渊', '黄祖润/元新渊/金英夏', '薛耿求/金南佶/金雪炫/吴达洙/蔡国熙/郑仁谦/申基俊/申邻雅/黄锡晶/吉海妍', '1, 6, 7, 3', '韩国', '韩语', '2017-09-06', '118分钟/128分钟(导演剪辑版)', '杀人者的记忆法：新的记忆/MemoirofMurderer', '　　该片根据同名小说改编，讲述患有阿兹海默症的连续杀人犯炳秀(薛耿求饰)金盆洗手，可村庄却再现连环杀人案，这让炳秀陷入混乱记忆之中。于此同时女儿(金雪炫饰)，神秘男子(金南佶饰)也身陷其中。', '7.3', '12422', '99.00', '0', 'super', '2018-05-09 16:53:50', 'super', '2018-05-09 16:56:40', null, '0');
INSERT INTO `film_detail` VALUES ('518', '2018', 'https://img3.doubanio.com/view/photo/s_ratio_poster/public/p2517516405.jpg', null, '猫与桃花源', '王微', '王微', '李宇峰/杨砚铎/周华健/张喆/陈霖生', '16, 4, 9', '中国大陆', '汉语普通话', '2018-04-05', '105分钟', 'CatsandPeachtopia', '　　一只常常在窗台发呆的家猫毯子，一直以来和儿子斗篷安逸地生活在城市的一座高楼公寓中。有一天毯子不得不和斗篷分别踏上冒险旅程，去寻找传说中的猫的桃花源。与此同时，毯子必须面对心中一段不愿提起的往事，或许这也是毯子害怕外面的世界，不愿意离开家的重要原因......', '6.0', '2101', '99.00', '0', 'super', '2018-05-09 16:53:50', 'super', '2018-05-09 16:56:40', null, '0');
INSERT INTO `film_detail` VALUES ('519', '2017', 'https://img3.doubanio.com/view/photo/s_ratio_poster/public/p2503067864.jpg', null, '骗子', '张昌原', '张昌原', '玄彬/刘智泰/朴圣雄/裴晟祐/崔德门/林珍娜/安世河/许成泰/柳圣贤/崔日华/金溙勋/廉东宪/郑东奎/崔宏一/金子英/周锡泰/郑敏圣/韩哲宇/全宪泰/李载求/柳正浩/孙炳旭/郑镇荣/车顺裴/吴泰京/陈善圭', '1, 3', '韩国', '韩语', '2017-11-22', '117分钟', '骗徒(台)/骗中骗(港)/Conman/TheSwindlers', '　　为了逮捕涉及4万亿韩元、造成3万名受害者的稀世大骗子，诈骗犯（玄彬饰）和检察官展开较量的诈骗犯罪。玄彬将在片中饰演设下完美骗局的诈骗犯黄智成，是一位专挑诈骗犯行骗的天才诈骗犯；刘智泰在片中饰演劣性检察官朴熙洙，为抓住稀世大骗子而制定计划招揽黄智成，表面正义内里却是对权力有无尽欲望的人。电影新颖、烧脑的故事令人耳目一新，而两位演技派演员的互相飙戏也引发众多期待。电影计划于2016年下半年拍摄。', '7.2', '11246', '99.00', '0', 'super', '2018-05-09 16:53:51', 'admin', '2018-05-10 17:08:22', null, '0');
INSERT INTO `film_detail` VALUES ('520', '2018', 'https://img3.doubanio.com/view/photo/s_ratio_poster/public/p2519931276.jpg', null, '自杀小队：严厉惩罚', '刘山姆', '艾伦·伯内特', '克里斯蒂安·史莱特/凡妮莎·威廉斯/比利·布朗/克里斯汀·鲍尔/吉迪恩·埃默里/连姆·麦肯泰尔/塔拉·斯特朗/大卫·博特/特雷弗·德瓦/戴夫·芬诺伊/格雷戈·格伦伯格/C·托马斯·豪威尔/茜丝·琼斯/娜塔莉·兰德/马修·默瑟/朱莉·内桑森/吉姆·皮里/丹妮亚·拉米雷兹/詹姆斯·乌尔班尼亚克', '2, 16', '美国', '英语', '2018-03-27', '86分钟', '自杀小队：惨痛代价', '　　DC动画电影《自杀小队：严厉惩罚》(Suicide Squad: Hell to Pay)发布预告，小丑女、死射、冰霜杀手、铜头蛇、回旋镖队长、铜虎组成小队，阿曼达·沃勒派遣他们去找回一个神秘物件——为此他们愿意牺牲性命，而小队很快发现他们面临着其他团伙的挑战。 　　克里斯汀·史莱特、C·托马斯·豪威尔、塔拉·斯特朗、连姆·麦肯泰尔、比利·布朗、克里斯汀·鲍尔、凡妮莎·威廉姆斯、丹妮亚·拉米雷兹等参与配音，Sam Liu(《蝙蝠侠：致命玩笑》《绿灯侠》动画系列)执导，今春发行数字版、DVD和蓝光碟。', '7.4', '2379', '99.00', '0', 'super', '2018-05-09 16:53:51', 'super', '2018-05-09 16:56:41', null, '0');
INSERT INTO `film_detail` VALUES ('521', '2017', 'https://img1.doubanio.com/view/photo/s_ratio_poster/public/p2498337428.jpg', null, '影星永驻利物浦', '保罗·麦奎根', '马特·格林哈尔什', '杰米·贝尔/斯蒂芬·格拉汉姆/安妮特·贝宁/朱丽·沃特斯/瓦妮莎·雷德格瑞夫/詹姆斯·布鲁尔/弗兰西斯·巴贝/肯尼思·库兰汉姆/伊莎贝拉·拉夫兰德/LeanneBest/SuzanneBertish/彼得·特纳', '1, 5, 15', '英国', '英语', '2017-09-01', '105分钟', '最后相爱的日子(港)/影星在利物浦永驻', '　　A romance sparks between a young actor and a Hollywood leading lady. 　　本片根据Peter Turner所写的同名传记改编，讲述了奥斯卡奖得主、40/50年代“黑色电影”女神之一Gloria Grahame（Annette Bening饰）的晚年生活。当57岁的Gloria Grahame患上癌症时，一位年轻的演员Peter Turner（Jamie Bell饰）进入她的生活，照顾这位行将离开人世的女演员，两人也渐生情愫。', '7.1', '675', '99.00', '0', 'super', '2018-05-09 16:53:51', 'super', '2018-05-09 16:56:41', null, '0');
INSERT INTO `film_detail` VALUES ('522', '2018', 'https://img3.doubanio.com/view/photo/s_ratio_poster/public/p2521625065.jpg', null, '昼颜', '西谷弘', '井上由美子', '上户彩/斋藤工/伊藤步/平山浩行/黑泽明日香/萩原实里/志贺广太郎/三浦诚己/涩川清彦/松居大悟/中村育二', '1, 5', '日本', '日语', '2018-05-18', '125分钟', '昼颜电影版/Hirugao/Hirugao:LoveAffairsintheAfternoon', '　　离婚后恢复单身的纱和（上户彩饰）在海滨小镇的餐馆打工度日。一个偶然的机会，纱和与北野（斋藤工 饰）再次相遇，约定了不再见面的两人，在四目相对的那一瞬间感情被重新点燃。然而这段禁忌之恋很快被北野的妻子（伊藤步 饰）发现，并与二人产生了激烈的冲突。与此同时，餐厅老板杉崎（平山浩行 饰）的出现，也让四个人的情感走向更加扑朔迷离，一边是复燃的旧情，一边是“永不再相见”的约定，几个主人公的命运再次纠缠在一起。 　　 ©豆瓣', '6.3', '13263', '99.00', '0', 'super', '2018-05-09 16:53:51', 'super', '2018-05-09 16:56:41', null, '0');
INSERT INTO `film_detail` VALUES ('523', null, 'upload/1525877114412.jpg', null, '速度与激情', 'jack', 'jack', 'jack', '35', '大陆', '英语', '2018-05-03', '130', 'ssss', '', '8.0', '0', '90.00', '0', 'admin', '2018-05-09 22:45:16', 'super', '2018-05-10 15:02:19', null, '1');
INSERT INTO `film_detail` VALUES ('524', null, 'upload/1525877489809.jpg', null, '三生三世', 'tom', 'tom', 'tom', '20', '中国大陆', '中文', '2018-05-02', '150', 'ssss', '', '8.0', '0', '68.00', '0', 'admin', '2018-05-09 22:51:29', 'admin', '2018-05-09 22:53:52', null, '1');
INSERT INTO `film_detail` VALUES ('525', null, 'upload/1525877733188.jpg', null, '三生三世', 'tom', 'tom', 'dddd', '20', '中国大陆', '中文', '2018-05-02', '150', 'ssss', '', '8.0', '0', '69.00', '0', 'admin', '2018-05-09 22:55:33', 'super', '2018-05-10 15:02:17', null, '1');

-- ----------------------------
-- Table structure for film_type
-- ----------------------------
DROP TABLE IF EXISTS `film_type`;
CREATE TABLE `film_type` (
  `id` int(11) NOT NULL auto_increment,
  `type_name` varchar(64) default NULL COMMENT '类型名称',
  `del_flag` char(1) NOT NULL default '0' COMMENT '作废标记',
  PRIMARY KEY  (`id`)
) ENGINE=InnoDB DEFAULT CHARSET=utf8;

-- ----------------------------
-- Records of film_type
-- ----------------------------
INSERT INTO `film_type` VALUES ('1', '剧情', '0');
INSERT INTO `film_type` VALUES ('2', '动作', '0');
INSERT INTO `film_type` VALUES ('3', '犯罪', '0');
INSERT INTO `film_type` VALUES ('4', '家庭', '0');
INSERT INTO `film_type` VALUES ('5', '爱情', '0');
INSERT INTO `film_type` VALUES ('6', '悬疑', '0');
INSERT INTO `film_type` VALUES ('7', '惊悚', '0');
INSERT INTO `film_type` VALUES ('8', '科幻', '0');
INSERT INTO `film_type` VALUES ('9', '冒险', '0');
INSERT INTO `film_type` VALUES ('10', '文艺', '0');
INSERT INTO `film_type` VALUES ('11', '音乐', '0');
INSERT INTO `film_type` VALUES ('12', '战争', '0');
INSERT INTO `film_type` VALUES ('13', '恐怖', '0');
INSERT INTO `film_type` VALUES ('14', '同性', '0');
INSERT INTO `film_type` VALUES ('15', '传记', '0');
INSERT INTO `film_type` VALUES ('16', '动画', '0');
INSERT INTO `film_type` VALUES ('17', '喜剧', '0');
INSERT INTO `film_type` VALUES ('18', '奇幻', '0');
INSERT INTO `film_type` VALUES ('19', '古装', '0');
INSERT INTO `film_type` VALUES ('20', '武侠', '0');
INSERT INTO `film_type` VALUES ('21', '儿童', '0');
INSERT INTO `film_type` VALUES ('22', '灾难', '0');
INSERT INTO `film_type` VALUES ('23', '运动', '0');
INSERT INTO `film_type` VALUES ('24', '历史', '0');
INSERT INTO `film_type` VALUES ('25', '歌舞', '0');
INSERT INTO `film_type` VALUES ('26', '玄幻', '0');
INSERT INTO `film_type` VALUES ('31', '搜索', '0');
INSERT INTO `film_type` VALUES ('32', '热尔', '0');
INSERT INTO `film_type` VALUES ('33', '情色', '0');
INSERT INTO `film_type` VALUES ('34', '西部', '0');
INSERT INTO `film_type` VALUES ('35', '科技', '0');

-- ----------------------------
-- Table structure for integral_info
-- ----------------------------
DROP TABLE IF EXISTS `integral_info`;
CREATE TABLE `integral_info` (
  `id` varchar(64) NOT NULL,
  `account_id` varchar(64) default NULL COMMENT '用户id',
  `integral_source` varchar(255) default NULL COMMENT '积分来源',
  `score` decimal(10,0) default NULL COMMENT '积分',
  `achieve_time` datetime default NULL COMMENT '获得时间',
  `del_flag` char(1) NOT NULL default '0' COMMENT '作废标记',
  PRIMARY KEY  (`id`)
) ENGINE=InnoDB DEFAULT CHARSET=utf8;

-- ----------------------------
-- Records of integral_info
-- ----------------------------

-- ----------------------------
-- Table structure for message
-- ----------------------------
DROP TABLE IF EXISTS `message`;
CREATE TABLE `message` (
  `id` varchar(64) NOT NULL,
  `sender` varchar(64) NOT NULL COMMENT '发送者id',
  `receiver` varchar(64) default NULL,
  `content` varchar(1000) default NULL,
  `is_read` char(1) default '1' COMMENT '是否已读 0:已读 1:未读',
  `create_date` datetime default NULL,
  `remarks` varchar(255) default NULL COMMENT '备注',
  `del_flag` char(1) NOT NULL default '0' COMMENT '作废标记',
  PRIMARY KEY  (`id`)
) ENGINE=InnoDB DEFAULT CHARSET=utf8;

-- ----------------------------
-- Records of message
-- ----------------------------

-- ----------------------------
-- Table structure for review
-- ----------------------------
DROP TABLE IF EXISTS `review`;
CREATE TABLE `review` (
  `id` varchar(64) NOT NULL,
  `apply_id` varchar(64) default NULL COMMENT '审核内容id',
  `type` varchar(64) default NULL COMMENT '审核类型  1.申请拼单  2.申请参加拼单  3.申请取消拼单  4.申请取消参加拼单  ',
  `review_status` char(1) default NULL COMMENT '审核状态  0.审核通过  1.正在审核  3.未通过审核 ',
  `create_by` varchar(64) default NULL COMMENT '创建人',
  `create_date` datetime default NULL COMMENT '创建日期',
  `update_by` varchar(64) default NULL COMMENT '修改人',
  `update_date` datetime default NULL COMMENT '修改日期',
  `remarks` varchar(255) default NULL COMMENT '备注',
  `del_flag` char(1) NOT NULL default '0' COMMENT '作废标记',
  PRIMARY KEY  (`id`)
) ENGINE=InnoDB DEFAULT CHARSET=utf8;

-- ----------------------------
-- Records of review
-- ----------------------------

-- ----------------------------
-- Table structure for role
-- ----------------------------
DROP TABLE IF EXISTS `role`;
CREATE TABLE `role` (
  `id` varchar(64) NOT NULL COMMENT 'id',
  `role_name` varchar(64) NOT NULL COMMENT '权限名',
  `del_flag` char(1) NOT NULL default '0',
  PRIMARY KEY  (`id`)
) ENGINE=InnoDB DEFAULT CHARSET=utf8;

-- ----------------------------
-- Records of role
-- ----------------------------
INSERT INTO `role` VALUES ('1', ' 用户', '0');
INSERT INTO `role` VALUES ('2', '管理员', '0');
INSERT INTO `role` VALUES ('3', '超级管理员', '0');

-- ----------------------------
-- Table structure for seat
-- ----------------------------
DROP TABLE IF EXISTS `seat`;
CREATE TABLE `seat` (
  `id` varchar(64) NOT NULL,
  `seat_row` varchar(64) default NULL COMMENT '座位行',
  `seat_number` varchar(64) default NULL COMMENT '座位列',
  `hall_id` varchar(64) default NULL COMMENT '放映厅id',
  `create_by` varchar(64) default NULL COMMENT '创建人',
  `create_date` datetime default NULL COMMENT '创建日期',
  `update_by` varchar(64) default NULL COMMENT '修改人',
  `update_date` datetime default NULL COMMENT '修改日期',
  `remarks` varchar(255) default NULL COMMENT '备注',
  `del_flag` char(1) NOT NULL default '0' COMMENT '作废标记',
  PRIMARY KEY  (`id`)
) ENGINE=InnoDB DEFAULT CHARSET=utf8;

-- ----------------------------
-- Records of seat
-- ----------------------------
INSERT INTO `seat` VALUES ('00ef3218ac9f44e3bf99503eba6c6b0b', 'row4', 'col4', '4dbcb1ea9cde4f8f9f40d3629096c432', null, '2018-04-23 13:32:16', null, null, null, '0');
INSERT INTO `seat` VALUES ('01ffff96cedd4024b613c74cf8147eb0', 'row3', 'col2', '4dbcb1ea9cde4f8f9f40d3629096c432', null, '2018-04-23 13:32:15', null, null, null, '0');
INSERT INTO `seat` VALUES ('0308ab6be9614ad6956026e8de0a9af9', 'row2', 'col4', '5c22ee4c6f814e39ab009c46734db05d', null, '2018-05-09 17:42:05', null, null, null, '0');
INSERT INTO `seat` VALUES ('031b8118a00447398b4bccfdd54abb24', 'row4', 'col2', '5c22ee4c6f814e39ab009c46734db05d', null, '2018-04-23 13:32:24', null, null, null, '1');
INSERT INTO `seat` VALUES ('0330cd056bec441db8df0764d4902fd5', 'row2', 'col4', '3bc3aff5cfa94cba92559aeda17d97e0', null, '2018-04-23 13:31:48', null, null, null, '0');
INSERT INTO `seat` VALUES ('04ffc6e1f2cc4f9482dd5d8c768051a2', 'row1', 'col5', 'e1d379eb60924a078da2f161e3432acc', null, '2018-04-23 13:33:03', null, null, null, '0');
INSERT INTO `seat` VALUES ('069300f3824249d0b9722fdea2819130', 'row4', 'col3', 'e503c7499d104296b2d611a9a079ba7d', null, '2018-04-23 13:33:15', null, null, null, '0');
INSERT INTO `seat` VALUES ('0827afbeba194287beadbecca1ca7a04', 'row3', 'col2', '5c6aed2c3b884e50b074c2350c165e7c', null, '2018-04-23 13:32:39', null, null, null, '0');
INSERT INTO `seat` VALUES ('084782b6d0194630ac5c2edee902ce46', 'row2', 'col4', '4dbcb1ea9cde4f8f9f40d3629096c432', null, '2018-04-23 13:32:15', null, null, null, '0');
INSERT INTO `seat` VALUES ('09dceec4497a460faf0d0a03397e9a3a', 'row5', 'col2', 'e1d379eb60924a078da2f161e3432acc', null, '2018-04-23 13:33:04', null, null, null, '0');
INSERT INTO `seat` VALUES ('09eb555742fb4881b23d4dd3e2ccfd77', 'row5', 'col1', '5c6aed2c3b884e50b074c2350c165e7c', null, '2018-04-23 13:32:39', null, null, null, '0');
INSERT INTO `seat` VALUES ('0e2c16618ead44b3bd8ef83ba7f2dcbe', 'row1', 'col2', '3bc3aff5cfa94cba92559aeda17d97e0', null, '2018-04-23 13:31:48', null, null, null, '0');
INSERT INTO `seat` VALUES ('0e4c26c1d8f84f7a9b877ed391d1c8c9', 'row3', 'col4', '5c6aed2c3b884e50b074c2350c165e7c', null, '2018-04-23 13:32:39', null, null, null, '0');
INSERT INTO `seat` VALUES ('0e8549a48e4e4a4991d9b92c8183683f', 'row1', 'col3', '3bc3aff5cfa94cba92559aeda17d97e0', null, '2018-04-23 13:31:48', null, null, null, '0');
INSERT INTO `seat` VALUES ('10235faf088143eeab382cb680a8ac6a', 'row1', 'col4', '85c2c8dc5d9744e9ab38ca0509e7456c', null, '2018-04-23 13:32:48', null, null, null, '0');
INSERT INTO `seat` VALUES ('1057088dd9cd402c974373d446d1b1e8', 'row4', 'col4', '5c22ee4c6f814e39ab009c46734db05d', null, '2018-05-09 17:42:06', null, null, null, '0');
INSERT INTO `seat` VALUES ('10752c0faaa34bb69f5a4e6413002b6e', 'row6', 'col3', 'e503c7499d104296b2d611a9a079ba7d', null, '2018-04-23 13:33:15', null, null, null, '0');
INSERT INTO `seat` VALUES ('11d97ad5310a4506903e2dccd14ad1ac', 'row5', 'col4', '5c6aed2c3b884e50b074c2350c165e7c', null, '2018-04-23 13:32:39', null, null, null, '0');
INSERT INTO `seat` VALUES ('11f8665102eb4fc0aab77f4a58af8820', 'row5', 'col2', '4dbcb1ea9cde4f8f9f40d3629096c432', null, '2018-04-23 13:32:16', null, null, null, '0');
INSERT INTO `seat` VALUES ('16267640bd6b42f68288588150dd2594', 'row3', 'col6', 'e1d379eb60924a078da2f161e3432acc', null, '2018-04-23 13:33:04', null, null, null, '0');
INSERT INTO `seat` VALUES ('165483b105e148e5bda68528ee90375c', 'row4', 'col1', '4dbcb1ea9cde4f8f9f40d3629096c432', null, '2018-04-23 13:32:16', null, null, null, '0');
INSERT INTO `seat` VALUES ('16cb2f4c9a37404f858f577e4c3e831e', 'row2', 'col4', '5c22ee4c6f814e39ab009c46734db05d', null, '2018-04-23 13:32:24', null, null, null, '1');
INSERT INTO `seat` VALUES ('18ff2ac8c9fe4f149bca9c9280f60222', 'row1', 'col3', '5c22ee4c6f814e39ab009c46734db05d', null, '2018-05-09 17:42:05', null, null, null, '0');
INSERT INTO `seat` VALUES ('195513920d0c43d7a16da6a87bb3b3e9', 'row5', 'col3', 'e1d379eb60924a078da2f161e3432acc', null, '2018-04-23 13:33:04', null, null, null, '0');
INSERT INTO `seat` VALUES ('19faa9f4d88640e8b6d247b314776c44', 'row3', 'col2', '4c2566af2da74ff0afac946957113b45', null, '2018-04-23 13:32:02', null, null, null, '0');
INSERT INTO `seat` VALUES ('1b45ab2b41d043d687cf25a267efd6d9', 'row3', 'col3', '4c2566af2da74ff0afac946957113b45', null, '2018-04-23 13:32:02', null, null, null, '0');
INSERT INTO `seat` VALUES ('1cae60aff16a4bb99d2036fad35c1d13', 'row2', 'col3', '5c6aed2c3b884e50b074c2350c165e7c', null, '2018-04-23 13:32:38', null, null, null, '0');
INSERT INTO `seat` VALUES ('1f102916d4e64696817e3f319f1456cc', 'row6', 'col1', '5c6aed2c3b884e50b074c2350c165e7c', null, '2018-04-23 13:32:39', null, null, null, '0');
INSERT INTO `seat` VALUES ('1f36cb0f80234c8087bee75170b2ff7b', 'row4', 'col3', '4dbcb1ea9cde4f8f9f40d3629096c432', null, '2018-04-23 13:32:16', null, null, null, '0');
INSERT INTO `seat` VALUES ('216d10d22f934d0b9a90ed56e3ac59e5', 'row2', 'col3', '3bc3aff5cfa94cba92559aeda17d97e0', null, '2018-04-23 13:31:48', null, null, null, '0');
INSERT INTO `seat` VALUES ('26b5542b4daa41b6a97d04769ec494fc', 'row2', 'col4', 'e1d379eb60924a078da2f161e3432acc', null, '2018-04-23 13:33:03', null, null, null, '0');
INSERT INTO `seat` VALUES ('28c39ce05ef845d2b3fab1d8736e51cd', 'row6', 'col3', '5c6aed2c3b884e50b074c2350c165e7c', null, '2018-04-23 13:32:39', null, null, null, '0');
INSERT INTO `seat` VALUES ('2aab0f6678944d5581f2f3fa53760543', 'row1', 'col2', '4c2566af2da74ff0afac946957113b45', null, '2018-04-23 13:32:01', null, null, null, '0');
INSERT INTO `seat` VALUES ('2b03ac7b0e4f4420b672d8ba6e6b479c', 'row3', 'col2', '5c22ee4c6f814e39ab009c46734db05d', null, '2018-04-23 13:32:24', null, null, null, '1');
INSERT INTO `seat` VALUES ('2b30af4ee6714053b2f167576acf3203', 'row7', 'col4', '5c22ee4c6f814e39ab009c46734db05d', null, '2018-05-09 17:42:06', null, null, null, '0');
INSERT INTO `seat` VALUES ('2c334eb1648848dba042478bd1f87b0e', 'row4', 'col2', 'e503c7499d104296b2d611a9a079ba7d', null, '2018-04-23 13:33:15', null, null, null, '0');
INSERT INTO `seat` VALUES ('2ed8ac66c02543a0a0f76d3375e3f320', 'row6', 'col4', 'e1d379eb60924a078da2f161e3432acc', null, '2018-04-23 13:33:04', null, null, null, '0');
INSERT INTO `seat` VALUES ('30660f7b81dd47b083d9956ecb19bb70', 'row3', 'col3', '4dbcb1ea9cde4f8f9f40d3629096c432', null, '2018-04-23 13:32:15', null, null, null, '0');
INSERT INTO `seat` VALUES ('30aebb43855742fe9dade8a9b5a94960', 'row2', 'col2', '85c2c8dc5d9744e9ab38ca0509e7456c', null, '2018-04-23 13:32:48', null, null, null, '0');
INSERT INTO `seat` VALUES ('310f0caf49c74949a81c37b441951114', 'row3', 'col2', 'e503c7499d104296b2d611a9a079ba7d', null, '2018-04-23 13:33:14', null, null, null, '0');
INSERT INTO `seat` VALUES ('35c32baa18b644058975e85f27f6af13', 'row4', 'col1', '3bc3aff5cfa94cba92559aeda17d97e0', null, '2018-04-23 13:31:48', null, null, null, '0');
INSERT INTO `seat` VALUES ('35d52f0c1282404f88a066622a5f2e6c', 'row1', 'col3', '4c2566af2da74ff0afac946957113b45', null, '2018-04-23 13:32:01', null, null, null, '0');
INSERT INTO `seat` VALUES ('372580f7b5404041b9a901dd41b72e10', 'row4', 'col5', '3bc3aff5cfa94cba92559aeda17d97e0', null, '2018-04-23 13:31:49', null, null, null, '0');
INSERT INTO `seat` VALUES ('3736a5dc61004f7894c04944c54047a4', 'row2', 'col3', '85c2c8dc5d9744e9ab38ca0509e7456c', null, '2018-04-23 13:32:48', null, null, null, '0');
INSERT INTO `seat` VALUES ('3ad1937115a34d7eacf415de6468c72a', 'row3', 'col2', '85c2c8dc5d9744e9ab38ca0509e7456c', null, '2018-04-23 13:32:48', null, null, null, '0');
INSERT INTO `seat` VALUES ('3d1e17b6ca104e6fb93021069df5b36c', 'row5', 'col4', '5c22ee4c6f814e39ab009c46734db05d', null, '2018-05-09 17:42:06', null, null, null, '0');
INSERT INTO `seat` VALUES ('3db7982516d24b7a8caa53ed42ce8d58', 'row2', 'col2', '4dbcb1ea9cde4f8f9f40d3629096c432', null, '2018-04-23 13:32:15', null, null, null, '0');
INSERT INTO `seat` VALUES ('3dcbef7347c0406e9718682df7aa0429', 'row1', 'col2', '5c6aed2c3b884e50b074c2350c165e7c', null, '2018-04-23 13:32:38', null, null, null, '0');
INSERT INTO `seat` VALUES ('3e2ec4953f78426dab2837d731d1f417', 'row7', 'col5', '5c22ee4c6f814e39ab009c46734db05d', null, '2018-05-09 17:42:06', null, null, null, '0');
INSERT INTO `seat` VALUES ('3e34c225fb0b4b2f8df1fa96bbc993b4', 'row5', 'col3', 'e503c7499d104296b2d611a9a079ba7d', null, '2018-04-23 13:33:15', null, null, null, '0');
INSERT INTO `seat` VALUES ('433dba9025b54096bd2aa8c5603618f9', 'row2', 'col2', 'e503c7499d104296b2d611a9a079ba7d', null, '2018-04-23 13:33:14', null, null, null, '0');
INSERT INTO `seat` VALUES ('43723defa4324597bb877ea8ab1352b5', 'row3', 'col3', '5c22ee4c6f814e39ab009c46734db05d', null, '2018-05-09 17:42:05', null, null, null, '0');
INSERT INTO `seat` VALUES ('46a7458551df4c849ff77c9f0354ab36', 'row3', 'col2', 'e1d379eb60924a078da2f161e3432acc', null, '2018-04-23 13:33:03', null, null, null, '0');
INSERT INTO `seat` VALUES ('4849136fdbad4608a898633119cff9bb', 'row4', 'col3', '5c6aed2c3b884e50b074c2350c165e7c', null, '2018-04-23 13:32:39', null, null, null, '0');
INSERT INTO `seat` VALUES ('4863ebb8c5ff4371af9cd1bd18f328bf', 'row3', 'col1', 'e1d379eb60924a078da2f161e3432acc', null, '2018-04-23 13:33:03', null, null, null, '0');
INSERT INTO `seat` VALUES ('490330a067434f92b4e1b5657127c9a8', 'row3', 'col5', '4dbcb1ea9cde4f8f9f40d3629096c432', null, '2018-04-23 13:32:16', null, null, null, '0');
INSERT INTO `seat` VALUES ('4be23a7863564a8e9eb922d3fec350b9', 'row6', 'col5', '5c22ee4c6f814e39ab009c46734db05d', null, '2018-05-09 17:42:06', null, null, null, '0');
INSERT INTO `seat` VALUES ('508044c30b4d4bf388970c77b16d4e59', 'row4', 'col4', 'e503c7499d104296b2d611a9a079ba7d', null, '2018-04-23 13:33:15', null, null, null, '0');
INSERT INTO `seat` VALUES ('50dd6e02a27c4325954b107f7c3e3038', 'row2', 'col2', 'c2cd6b3fde7d445fadd7cc13008f156a', null, '2018-05-15 16:52:06', null, null, null, '0');
INSERT INTO `seat` VALUES ('526c40068c4741d78c3385691ef0e3c3', 'row5', 'col2', 'e503c7499d104296b2d611a9a079ba7d', null, '2018-04-23 13:33:15', null, null, null, '0');
INSERT INTO `seat` VALUES ('537b31bdc64a45ee9d21d1538e975c48', 'row2', 'col4', 'e503c7499d104296b2d611a9a079ba7d', null, '2018-04-23 13:33:14', null, null, null, '0');
INSERT INTO `seat` VALUES ('53817ebf51ca49738c52de758d530212', 'row1', 'col1', '85c2c8dc5d9744e9ab38ca0509e7456c', null, '2018-04-23 13:32:48', null, null, null, '0');
INSERT INTO `seat` VALUES ('54c25f29f07c44e395a6c5595cd7bfb4', 'row1', 'col5', '5c22ee4c6f814e39ab009c46734db05d', null, '2018-04-23 13:32:24', null, null, null, '1');
INSERT INTO `seat` VALUES ('556680f743e14737a8b7ff17ce9253c8', 'row3', 'col4', 'c2cd6b3fde7d445fadd7cc13008f156a', null, '2018-05-15 16:52:06', null, null, null, '0');
INSERT INTO `seat` VALUES ('5605ce817aab48aea7ed3864fdba553c', 'row4', 'col5', '4dbcb1ea9cde4f8f9f40d3629096c432', null, '2018-04-23 13:32:16', null, null, null, '0');
INSERT INTO `seat` VALUES ('5a375922da044204a4d460fb80edcdce', 'row3', 'col4', '5c22ee4c6f814e39ab009c46734db05d', null, '2018-04-23 13:32:24', null, null, null, '1');
INSERT INTO `seat` VALUES ('5c0bdc24fc6248f69f6998839c8650e6', 'row1', 'col2', '85c2c8dc5d9744e9ab38ca0509e7456c', null, '2018-04-23 13:32:48', null, null, null, '0');
INSERT INTO `seat` VALUES ('5c607375a772470daeb589ea68bc7734', 'row2', 'col3', '4dbcb1ea9cde4f8f9f40d3629096c432', null, '2018-04-23 13:32:15', null, null, null, '0');
INSERT INTO `seat` VALUES ('5decc063415140ff8efb775ef7f98a53', 'row5', 'col1', 'e503c7499d104296b2d611a9a079ba7d', null, '2018-04-23 13:33:15', null, null, null, '0');
INSERT INTO `seat` VALUES ('5f87a1e0d83e4e31b1bf93cc17b5a355', 'row1', 'col4', 'e1d379eb60924a078da2f161e3432acc', null, '2018-04-23 13:33:03', null, null, null, '0');
INSERT INTO `seat` VALUES ('612365e4b94f4788b9f593e7d5752301', 'row2', 'col3', '5c22ee4c6f814e39ab009c46734db05d', null, '2018-05-09 17:42:05', null, null, null, '0');
INSERT INTO `seat` VALUES ('6298b5074d9440aa8d153e768fa5defa', 'row3', 'col4', 'e503c7499d104296b2d611a9a079ba7d', null, '2018-04-23 13:33:15', null, null, null, '0');
INSERT INTO `seat` VALUES ('63dba653166148c0a3fc278b68f65602', 'row2', 'col6', '4c2566af2da74ff0afac946957113b45', null, '2018-04-23 13:32:02', null, null, null, '0');
INSERT INTO `seat` VALUES ('65b88f80f7e14de78031c71d4259fec4', 'row4', 'col2', 'c2cd6b3fde7d445fadd7cc13008f156a', null, '2018-05-15 16:52:06', null, null, null, '0');
INSERT INTO `seat` VALUES ('672b88abd3f941a1bce2f748a0c4761c', 'row1', 'col6', '3bc3aff5cfa94cba92559aeda17d97e0', null, '2018-04-23 13:31:48', null, null, null, '0');
INSERT INTO `seat` VALUES ('67f8c262c7c94c008f87e04d493f28a8', 'row6', 'col4', '5c22ee4c6f814e39ab009c46734db05d', null, '2018-05-09 17:42:06', null, null, null, '0');
INSERT INTO `seat` VALUES ('68291dd7a5b74ab29a75f49ded98582a', 'row4', 'col2', 'e1d379eb60924a078da2f161e3432acc', null, '2018-04-23 13:33:04', null, null, null, '0');
INSERT INTO `seat` VALUES ('6863cbd304b44ec08f012d41b0edfc0f', 'row4', 'col5', '5c6aed2c3b884e50b074c2350c165e7c', null, '2018-04-23 13:32:39', null, null, null, '0');
INSERT INTO `seat` VALUES ('6a079d0b59b343828b11565bd1a6ca70', 'row2', 'col2', '5c6aed2c3b884e50b074c2350c165e7c', null, '2018-04-23 13:32:38', null, null, null, '0');
INSERT INTO `seat` VALUES ('6abd7c1eaed54a7f95f686bc27d1825a', 'row3', 'col4', '5c22ee4c6f814e39ab009c46734db05d', null, '2018-05-09 17:42:05', null, null, null, '0');
INSERT INTO `seat` VALUES ('6b37c77c158c4a2d9227f8a23dc53292', 'row5', 'col5', '5c22ee4c6f814e39ab009c46734db05d', null, '2018-05-09 17:42:06', null, null, null, '0');
INSERT INTO `seat` VALUES ('6b7ceac1ba3c469bbbd1fcab729614e6', 'row1', 'col4', '4c2566af2da74ff0afac946957113b45', null, '2018-04-23 13:32:01', null, null, null, '0');
INSERT INTO `seat` VALUES ('7025425e63a0425bb96ae663a8a9bf95', 'row2', 'col5', '4c2566af2da74ff0afac946957113b45', null, '2018-04-23 13:32:02', null, null, null, '0');
INSERT INTO `seat` VALUES ('769da0cfe2884911bb1f0b3f6714b362', 'row3', 'col5', 'c2cd6b3fde7d445fadd7cc13008f156a', null, '2018-05-15 16:52:06', null, null, null, '0');
INSERT INTO `seat` VALUES ('76a24ac19c124d1f9388ba29905349d9', 'row1', 'col3', '85c2c8dc5d9744e9ab38ca0509e7456c', null, '2018-04-23 13:32:48', null, null, null, '0');
INSERT INTO `seat` VALUES ('7a4716e4828e44b28e295af784486b2a', 'row4', 'col2', '4dbcb1ea9cde4f8f9f40d3629096c432', null, '2018-04-23 13:32:16', null, null, null, '0');
INSERT INTO `seat` VALUES ('7ae6c0481caa4919b9e15e3beb80e2bf', 'row6', 'col2', 'e503c7499d104296b2d611a9a079ba7d', null, '2018-04-23 13:33:15', null, null, null, '0');
INSERT INTO `seat` VALUES ('7b8bcab010f743eb8b227075e9968310', 'row1', 'col4', '5c22ee4c6f814e39ab009c46734db05d', null, '2018-05-09 17:42:05', null, null, null, '0');
INSERT INTO `seat` VALUES ('7cb81b2040a5480e97899c7d28b56352', 'row2', 'col4', '5c6aed2c3b884e50b074c2350c165e7c', null, '2018-04-23 13:32:39', null, null, null, '0');
INSERT INTO `seat` VALUES ('7ea420f32d014e6f87f53602e7b7b80c', 'row2', 'col2', 'e1d379eb60924a078da2f161e3432acc', null, '2018-04-23 13:33:03', null, null, null, '0');
INSERT INTO `seat` VALUES ('824e7a9911e6435bb6d341d27bdbb728', 'row1', 'col3', 'c2cd6b3fde7d445fadd7cc13008f156a', null, '2018-05-15 16:52:05', null, null, null, '0');
INSERT INTO `seat` VALUES ('827ed154a0554abf97083e5ec261fb45', 'row1', 'col6', '4c2566af2da74ff0afac946957113b45', null, '2018-04-23 13:32:01', null, null, null, '0');
INSERT INTO `seat` VALUES ('8600e6253ed443e8aad6630685cd98c6', 'row1', 'col3', 'e1d379eb60924a078da2f161e3432acc', null, '2018-04-23 13:33:03', null, null, null, '0');
INSERT INTO `seat` VALUES ('89c030911c464ff0a36e7f0d0624e96b', 'row1', 'col4', '5c22ee4c6f814e39ab009c46734db05d', null, '2018-04-23 13:32:24', null, null, null, '1');
INSERT INTO `seat` VALUES ('8b41011eb82c4966929c2297ddb19141', 'row1', 'col5', '4dbcb1ea9cde4f8f9f40d3629096c432', null, '2018-04-23 13:32:15', null, null, null, '0');
INSERT INTO `seat` VALUES ('8d3c3693ec2448cdb0d13d60a0ffc750', 'row2', 'col5', '3bc3aff5cfa94cba92559aeda17d97e0', null, '2018-04-23 13:31:48', null, null, null, '0');
INSERT INTO `seat` VALUES ('8ea1c27e3d4d434a8a4cd39125e7cb55', 'row1', 'col3', '5c6aed2c3b884e50b074c2350c165e7c', null, '2018-04-23 13:32:38', null, null, null, '0');
INSERT INTO `seat` VALUES ('8f87e66841ef4c3dad10ec59f025247a', 'row1', 'col5', '5c22ee4c6f814e39ab009c46734db05d', null, '2018-05-09 17:42:05', null, null, null, '0');
INSERT INTO `seat` VALUES ('91803c55f9c3462994b10e82e36ff64f', 'row4', 'col1', 'e1d379eb60924a078da2f161e3432acc', null, '2018-04-23 13:33:04', null, null, null, '0');
INSERT INTO `seat` VALUES ('91eabaa0f08e43679746dc7df1df1c5e', 'row3', 'col4', 'e1d379eb60924a078da2f161e3432acc', null, '2018-04-23 13:33:04', null, null, null, '0');
INSERT INTO `seat` VALUES ('940d3ca08ac44667a57caf20377fd6e4', 'row3', 'col3', 'e1d379eb60924a078da2f161e3432acc', null, '2018-04-23 13:33:03', null, null, null, '0');
INSERT INTO `seat` VALUES ('955e9acf3ab34a22b781dcb642b28816', 'row5', 'col5', 'e1d379eb60924a078da2f161e3432acc', null, '2018-04-23 13:33:04', null, null, null, '0');
INSERT INTO `seat` VALUES ('956e7e871cd64f09a899c58099ef63ac', 'row4', 'col6', '4dbcb1ea9cde4f8f9f40d3629096c432', null, '2018-04-23 13:32:16', null, null, null, '0');
INSERT INTO `seat` VALUES ('96083cf39f534b07bb09ae08158b503d', 'row2', 'col5', 'e1d379eb60924a078da2f161e3432acc', null, '2018-04-23 13:33:03', null, null, null, '0');
INSERT INTO `seat` VALUES ('9818474a079848379a66c5e1a011e251', 'row4', 'col6', '3bc3aff5cfa94cba92559aeda17d97e0', null, '2018-04-23 13:31:49', null, null, null, '0');
INSERT INTO `seat` VALUES ('9c613523eb524df8a6ba78649f6fabf4', 'row2', 'col4', '85c2c8dc5d9744e9ab38ca0509e7456c', null, '2018-04-23 13:32:48', null, null, null, '0');
INSERT INTO `seat` VALUES ('9ee46431856a4316ad9f214a0c64bd18', 'row3', 'col2', 'c2cd6b3fde7d445fadd7cc13008f156a', null, '2018-05-15 16:52:06', null, null, null, '0');
INSERT INTO `seat` VALUES ('a11511e303434e1e8107c9456f7705bc', 'row6', 'col2', '5c6aed2c3b884e50b074c2350c165e7c', null, '2018-04-23 13:32:39', null, null, null, '0');
INSERT INTO `seat` VALUES ('a392b7a602734ff198d0d7296988eea6', 'row3', 'col4', '3bc3aff5cfa94cba92559aeda17d97e0', null, '2018-04-23 13:31:48', null, null, null, '0');
INSERT INTO `seat` VALUES ('a3c69588bb8c4059864f427da9a3d7fb', 'row2', 'col1', '4c2566af2da74ff0afac946957113b45', null, '2018-04-23 13:32:01', null, null, null, '0');
INSERT INTO `seat` VALUES ('a3cba94a4a6c4fcebc69c6bfc9055aab', 'row3', 'col1', '4dbcb1ea9cde4f8f9f40d3629096c432', null, '2018-04-23 13:32:15', null, null, null, '0');
INSERT INTO `seat` VALUES ('a6a0def99357427d9ac57c7c7b10e365', 'row4', 'col4', 'c2cd6b3fde7d445fadd7cc13008f156a', null, '2018-05-15 16:52:06', null, null, null, '0');
INSERT INTO `seat` VALUES ('a8c8c40615234f5288fee66a2e5eb4cd', 'row3', 'col2', '3bc3aff5cfa94cba92559aeda17d97e0', null, '2018-04-23 13:31:48', null, null, null, '0');
INSERT INTO `seat` VALUES ('a96b547349d44c2887778ac5cd500586', 'row5', 'col4', '4dbcb1ea9cde4f8f9f40d3629096c432', null, '2018-04-23 13:32:16', null, null, null, '0');
INSERT INTO `seat` VALUES ('aa9485a3c674459aba08c195b10363bc', 'row2', 'col4', 'c2cd6b3fde7d445fadd7cc13008f156a', null, '2018-05-15 16:52:06', null, null, null, '0');
INSERT INTO `seat` VALUES ('ac445a24fe2d494dbd6f0f9289fda6a6', 'row3', 'col5', 'e1d379eb60924a078da2f161e3432acc', null, '2018-04-23 13:33:04', null, null, null, '0');
INSERT INTO `seat` VALUES ('b1a550b659b94762bc2ae386d20bf761', 'row3', 'col5', '3bc3aff5cfa94cba92559aeda17d97e0', null, '2018-04-23 13:31:48', null, null, null, '0');
INSERT INTO `seat` VALUES ('baff943dc78e43878d09e23d45968b20', 'row2', 'col3', 'e1d379eb60924a078da2f161e3432acc', null, '2018-04-23 13:33:03', null, null, null, '0');
INSERT INTO `seat` VALUES ('bbd984d43057440386e921809220daba', 'row4', 'col3', 'c2cd6b3fde7d445fadd7cc13008f156a', null, '2018-05-15 16:52:06', null, null, null, '0');
INSERT INTO `seat` VALUES ('bc4628599e494ca387ad0e6bab6a446b', 'row3', 'col3', '85c2c8dc5d9744e9ab38ca0509e7456c', null, '2018-04-23 13:32:48', null, null, null, '0');
INSERT INTO `seat` VALUES ('bc72f92411df4abe80db065af5d990ab', 'row1', 'col1', '3bc3aff5cfa94cba92559aeda17d97e0', null, '2018-04-23 13:31:48', null, null, null, '0');
INSERT INTO `seat` VALUES ('bc8460096e1a49dca5de98b1299e1165', 'row3', 'col3', '3bc3aff5cfa94cba92559aeda17d97e0', null, '2018-04-23 13:31:48', null, null, null, '0');
INSERT INTO `seat` VALUES ('bdac0e214beb443e9ba4b1f703787de4', 'row2', 'col3', '4c2566af2da74ff0afac946957113b45', null, '2018-04-23 13:32:02', null, null, null, '0');
INSERT INTO `seat` VALUES ('bee1e88e633b4d4b946f1cd330cd3c18', 'row3', 'col5', '5c22ee4c6f814e39ab009c46734db05d', null, '2018-05-09 17:42:06', null, null, null, '0');
INSERT INTO `seat` VALUES ('bfcb85f6fa3740749ca1ba4587ecc5d5', 'row5', 'col5', '4dbcb1ea9cde4f8f9f40d3629096c432', null, '2018-04-23 13:32:16', null, null, null, '0');
INSERT INTO `seat` VALUES ('c083026959e1427d8fa98edcb3c1b5ea', 'row2', 'col5', 'c2cd6b3fde7d445fadd7cc13008f156a', null, '2018-05-15 16:52:06', null, null, null, '0');
INSERT INTO `seat` VALUES ('c0d53211c1bd436fa2666b3d83513b50', 'row1', 'col5', '3bc3aff5cfa94cba92559aeda17d97e0', null, '2018-04-23 13:31:48', null, null, null, '0');
INSERT INTO `seat` VALUES ('c271ec420ae84ff39f085d6307f7d955', 'row4', 'col1', 'e503c7499d104296b2d611a9a079ba7d', null, '2018-04-23 13:33:15', null, null, null, '0');
INSERT INTO `seat` VALUES ('c384bde14fa74514ba06f11c6487c9ef', 'row1', 'col4', '3bc3aff5cfa94cba92559aeda17d97e0', null, '2018-04-23 13:31:48', null, null, null, '0');
INSERT INTO `seat` VALUES ('c40e1d8060184a4399e57cda64ce3db0', 'row6', 'col3', 'e1d379eb60924a078da2f161e3432acc', null, '2018-04-23 13:33:04', null, null, null, '0');
INSERT INTO `seat` VALUES ('c5905ce1e175457e85b7fcfd064311c8', 'row5', 'col3', '4dbcb1ea9cde4f8f9f40d3629096c432', null, '2018-04-23 13:32:16', null, null, null, '0');
INSERT INTO `seat` VALUES ('cae4be9ebeda4b6ab0009e82af036532', 'row4', 'col3', 'e1d379eb60924a078da2f161e3432acc', null, '2018-04-23 13:33:04', null, null, null, '0');
INSERT INTO `seat` VALUES ('cd176dd7be334f058cf1b671e878b0f7', 'row2', 'col1', '85c2c8dc5d9744e9ab38ca0509e7456c', null, '2018-04-23 13:32:48', null, null, null, '0');
INSERT INTO `seat` VALUES ('cfe991d33a8e434a98287cbfa0171108', 'row4', 'col4', '5c6aed2c3b884e50b074c2350c165e7c', null, '2018-04-23 13:32:39', null, null, null, '0');
INSERT INTO `seat` VALUES ('d0bbc41445fe4c7ab9238656a5689a41', 'row2', 'col2', '4c2566af2da74ff0afac946957113b45', null, '2018-04-23 13:32:02', null, null, null, '0');
INSERT INTO `seat` VALUES ('d38ac89820af47b8bcde9fe116b42ce8', 'row4', 'col2', '3bc3aff5cfa94cba92559aeda17d97e0', null, '2018-04-23 13:31:48', null, null, null, '0');
INSERT INTO `seat` VALUES ('d52069564bbd4599b5b07486dfc6ff5a', 'row5', 'col4', 'e1d379eb60924a078da2f161e3432acc', null, '2018-04-23 13:33:04', null, null, null, '0');
INSERT INTO `seat` VALUES ('d6bdafbf60494730ad85b6b48c314dc1', 'row3', 'col3', 'e503c7499d104296b2d611a9a079ba7d', null, '2018-04-23 13:33:14', null, null, null, '0');
INSERT INTO `seat` VALUES ('d6f5e303bdd84144928ae962510e6ee7', 'row3', 'col4', '4dbcb1ea9cde4f8f9f40d3629096c432', null, '2018-04-23 13:32:15', null, null, null, '0');
INSERT INTO `seat` VALUES ('d758f8ab291642a6a36f288f14468a58', 'row2', 'col5', '5c6aed2c3b884e50b074c2350c165e7c', null, '2018-04-23 13:32:39', null, null, null, '0');
INSERT INTO `seat` VALUES ('da22b54fa32b4401ab9b627683957dc9', 'row3', 'col3', '5c6aed2c3b884e50b074c2350c165e7c', null, '2018-04-23 13:32:39', null, null, null, '0');
INSERT INTO `seat` VALUES ('db23febc946648e0bd0ca00fd77c3193', 'row2', 'col3', '5c22ee4c6f814e39ab009c46734db05d', null, '2018-04-23 13:32:24', null, null, null, '1');
INSERT INTO `seat` VALUES ('dc265e7066534b4899f2efddb72a00c3', 'row2', 'col5', '5c22ee4c6f814e39ab009c46734db05d', null, '2018-05-09 17:42:05', null, null, null, '0');
INSERT INTO `seat` VALUES ('dc2718f3c9f246ae851b5a478a230c0c', 'row3', 'col3', '5c22ee4c6f814e39ab009c46734db05d', null, '2018-04-23 13:32:24', null, null, null, '1');
INSERT INTO `seat` VALUES ('dcf952dc658e4152828c94739bd2b890', 'row2', 'col3', 'e503c7499d104296b2d611a9a079ba7d', null, '2018-04-23 13:33:14', null, null, null, '0');
INSERT INTO `seat` VALUES ('dd00d5c89ba7485d881fa7b5416dbc52', 'row2', 'col2', '3bc3aff5cfa94cba92559aeda17d97e0', null, '2018-04-23 13:31:48', null, null, null, '0');
INSERT INTO `seat` VALUES ('dd5d176e94474a278762e42199e7b565', 'row1', 'col4', 'e503c7499d104296b2d611a9a079ba7d', null, '2018-04-23 13:33:14', null, null, null, '0');
INSERT INTO `seat` VALUES ('dd79f4c7b72d4b058b6e1e530aed5e4a', 'row4', 'col3', '5c22ee4c6f814e39ab009c46734db05d', null, '2018-04-23 13:32:24', null, null, null, '1');
INSERT INTO `seat` VALUES ('e0054013a7e949e698f4dd413593cd6d', 'row4', 'col3', '3bc3aff5cfa94cba92559aeda17d97e0', null, '2018-04-23 13:31:49', null, null, null, '0');
INSERT INTO `seat` VALUES ('e15f99162e6c4cca8f633262261ae15c', 'row1', 'col4', '5c6aed2c3b884e50b074c2350c165e7c', null, '2018-04-23 13:32:38', null, null, null, '0');
INSERT INTO `seat` VALUES ('e1e9e4c158484f1ea66523e7d5db89ab', 'row4', 'col4', '3bc3aff5cfa94cba92559aeda17d97e0', null, '2018-04-23 13:31:49', null, null, null, '0');
INSERT INTO `seat` VALUES ('e2f07ded57664a08a5ede16f6152d0c7', 'row3', 'col5', '4c2566af2da74ff0afac946957113b45', null, '2018-04-23 13:32:02', null, null, null, '0');
INSERT INTO `seat` VALUES ('e414ae29e07f4370a0e8f796dc143f8e', 'row4', 'col2', '5c6aed2c3b884e50b074c2350c165e7c', null, '2018-04-23 13:32:39', null, null, null, '0');
INSERT INTO `seat` VALUES ('e893e07d43fb4e81bf023c9b8143da92', 'row1', 'col6', '5c22ee4c6f814e39ab009c46734db05d', null, '2018-05-09 17:42:05', null, null, null, '0');
INSERT INTO `seat` VALUES ('e9592c9a5bc040f99765cf4fb5166009', 'row2', 'col3', 'c2cd6b3fde7d445fadd7cc13008f156a', null, '2018-05-15 16:52:06', null, null, null, '0');
INSERT INTO `seat` VALUES ('ea6dcbc5c3ab4bf4a253da1f94a4b90c', 'row1', 'col4', 'c2cd6b3fde7d445fadd7cc13008f156a', null, '2018-05-15 16:52:06', null, null, null, '0');
INSERT INTO `seat` VALUES ('eb267a54ca1c4b93a5ddc7adcb9ba42b', 'row1', 'col5', '5c6aed2c3b884e50b074c2350c165e7c', null, '2018-04-23 13:32:38', null, null, null, '0');
INSERT INTO `seat` VALUES ('edc42e12aa3f4e6cb03652da3f941f30', 'row3', 'col3', 'c2cd6b3fde7d445fadd7cc13008f156a', null, '2018-05-15 16:52:06', null, null, null, '0');
INSERT INTO `seat` VALUES ('eefda8452abf4e42a5fad3ccbf1a1e4b', 'row3', 'col5', '5c6aed2c3b884e50b074c2350c165e7c', null, '2018-04-23 13:32:39', null, null, null, '0');
INSERT INTO `seat` VALUES ('f0315990daee4e62862d08d57c5a6acc', 'row1', 'col1', '4c2566af2da74ff0afac946957113b45', null, '2018-04-23 13:32:01', null, null, null, '0');
INSERT INTO `seat` VALUES ('f20a29e4ad994fb7b3a4537f5d5d07a4', 'row1', 'col5', '4c2566af2da74ff0afac946957113b45', null, '2018-04-23 13:32:01', null, null, null, '0');
INSERT INTO `seat` VALUES ('f2ce54c7a21f4c9d92bddec40ba1535a', 'row2', 'col5', '4dbcb1ea9cde4f8f9f40d3629096c432', null, '2018-04-23 13:32:15', null, null, null, '0');
INSERT INTO `seat` VALUES ('f30023776c35452d81d1445a67c02750', 'row2', 'col6', '5c22ee4c6f814e39ab009c46734db05d', null, '2018-05-09 17:42:05', null, null, null, '0');
INSERT INTO `seat` VALUES ('f4ea9e86bdd144f2a90ba17f2094acb7', 'row3', 'col1', '85c2c8dc5d9744e9ab38ca0509e7456c', null, '2018-04-23 13:32:48', null, null, null, '0');
INSERT INTO `seat` VALUES ('f6d785be4d6846478ccd46c8b71472eb', 'row2', 'col4', '4c2566af2da74ff0afac946957113b45', null, '2018-04-23 13:32:02', null, null, null, '0');
INSERT INTO `seat` VALUES ('f6e2c90cbe614d70bb03aac2f2fd8c38', 'row3', 'col4', '4c2566af2da74ff0afac946957113b45', null, '2018-04-23 13:32:02', null, null, null, '0');
INSERT INTO `seat` VALUES ('f7e7f5bca56e409db5296d23d5dc5e6f', 'row5', 'col3', '5c6aed2c3b884e50b074c2350c165e7c', null, '2018-04-23 13:32:39', null, null, null, '0');
INSERT INTO `seat` VALUES ('f9dbb6f0c97b4d4f94cec56faee5a5f8', 'row4', 'col5', '5c22ee4c6f814e39ab009c46734db05d', null, '2018-05-09 17:42:06', null, null, null, '0');

-- ----------------------------
-- Table structure for theater_arrange
-- ----------------------------
DROP TABLE IF EXISTS `theater_arrange`;
CREATE TABLE `theater_arrange` (
  `id` varchar(64) NOT NULL,
  `release_time` date default NULL COMMENT '放映日期',
  `start_time` time default NULL COMMENT '开始时间',
  `end_time` time default NULL COMMENT '结束时间',
  `video_hall` varchar(64) default NULL COMMENT '放映厅id',
  `coupon_id` varchar(64) default NULL COMMENT '优惠id',
  `film_id` int(11) default NULL COMMENT '影片id',
  `create_by` varchar(64) default NULL COMMENT '创建人',
  `create_date` datetime default NULL COMMENT '创建日期',
  `update_by` varchar(64) default NULL COMMENT '修改人',
  `update_date` datetime default NULL COMMENT '修改日期',
  `remarks` varchar(255) default NULL COMMENT '备注',
  `del_flag` char(1) NOT NULL default '0' COMMENT '作废标记  1:删除 2:过期',
  PRIMARY KEY  (`id`)
) ENGINE=InnoDB DEFAULT CHARSET=utf8;

-- ----------------------------
-- Records of theater_arrange
-- ----------------------------
INSERT INTO `theater_arrange` VALUES ('0273eafbb0c94b4da1365390527c8e40', '2018-05-21', '20:00:00', '22:16:00', '4dbcb1ea9cde4f8f9f40d3629096c432', 'a0c9f553265340a785e54b7d1d824342', '296', 'super', '2018-05-18 19:36:06', null, null, null, '0');
INSERT INTO `theater_arrange` VALUES ('077d32384be04852bcca77ac8dea749a', '2018-05-11', '14:00:00', '16:05:00', 'e1d379eb60924a078da2f161e3432acc', 'a0c9f553265340a785e54b7d1d824342', '522', 'super', '2018-05-10 14:39:12', null, null, '放映安排已失效', '2');
INSERT INTO `theater_arrange` VALUES ('0c3781e37bbe4a77a1ff1b5fc1519901', '2018-05-20', '15:00:00', '16:57:00', '4dbcb1ea9cde4f8f9f40d3629096c432', 'a0c9f553265340a785e54b7d1d824342', '519', 'admin', '2018-05-18 16:15:16', null, null, null, '0');
INSERT INTO `theater_arrange` VALUES ('0dcd2af6ade14076a9d9c4d1402c0aa1', '2018-05-16', '15:00:00', '16:26:00', '4c2566af2da74ff0afac946957113b45', '34981f371d284163a1be2f7bbf641270', '520', 'admin', '2018-05-15 14:46:32', null, null, '影片放映前两小时还没有到达指定比例的拼单取消该时间段放映安排', '2');
INSERT INTO `theater_arrange` VALUES ('12aee8a44ccb4d86a1695440e9234978', '2018-05-14', '15:00:00', '16:45:00', 'e1d379eb60924a078da2f161e3432acc', 'a0c9f553265340a785e54b7d1d824342', '518', 'super', '2018-05-12 12:56:50', null, '2018-05-14 15:03:00', '放映安排已失效', '2');
INSERT INTO `theater_arrange` VALUES ('19df6edb4f9649ccab0a9080fabc4590', '2018-05-13', '07:40:00', '09:25:00', '4c2566af2da74ff0afac946957113b45', 'a0c9f553265340a785e54b7d1d824342', '518', 'super', '2018-05-12 12:57:03', null, null, '放映安排已失效', '2');
INSERT INTO `theater_arrange` VALUES ('1b066e88484043839536e3c69d66ba65', '2018-05-19', '20:00:00', '22:16:00', '3bc3aff5cfa94cba92559aeda17d97e0', 'a0c9f553265340a785e54b7d1d824342', '296', 'super', '2018-05-18 19:36:19', null, null, null, '0');
INSERT INTO `theater_arrange` VALUES ('2193c52dfe3b43c381e8f615ace9aa3b', '2018-05-21', '19:09:00', '20:47:00', '4c2566af2da74ff0afac946957113b45', 'a0c9f553265340a785e54b7d1d824342', '499', 'super', '2018-05-18 19:09:38', null, null, null, '0');
INSERT INTO `theater_arrange` VALUES ('2eb64000d2b945a0b9820caecc4fb52a', '2018-05-17', '17:30:00', '19:13:00', '4dbcb1ea9cde4f8f9f40d3629096c432', 'd9e5c4b5202e4a7db88627eb0a17c35b', '329', 'super', '2018-05-15 17:15:28', null, '2018-05-18 16:15:00', '放映安排已失效', '2');
INSERT INTO `theater_arrange` VALUES ('30411b58f2704578a7faca6f905db957', '2018-05-12', '15:00:00', '17:05:00', '4c2566af2da74ff0afac946957113b45', 'a0c9f553265340a785e54b7d1d824342', '522', 'super', '2018-05-10 14:37:47', null, null, '放映安排已失效', '2');
INSERT INTO `theater_arrange` VALUES ('32e722647fb94f61921841163e77b327', '2018-05-12', '14:00:00', '16:05:00', '4dbcb1ea9cde4f8f9f40d3629096c432', 'a0c9f553265340a785e54b7d1d824342', '522', 'super', '2018-05-10 14:36:54', null, null, null, '1');
INSERT INTO `theater_arrange` VALUES ('4d4f2f4b9e8c4136b8b5f28f0c433850', '2018-05-11', '13:00:00', '14:26:00', '4dbcb1ea9cde4f8f9f40d3629096c432', '34981f371d284163a1be2f7bbf641270', '520', 'super', '2018-05-10 14:36:27', null, null, '放映安排已失效', '2');
INSERT INTO `theater_arrange` VALUES ('4db7428142c040198c18f32738c183fb', '2018-05-14', '13:00:00', '14:57:00', '4c2566af2da74ff0afac946957113b45', 'a0c9f553265340a785e54b7d1d824342', '519', 'super', '2018-05-12 12:55:53', null, null, '影片放映前两小时还没有到达指定比例的拼单取消该时间段放映安排', '2');
INSERT INTO `theater_arrange` VALUES ('5bb6800fea5645c3bd0d40c13ff9e6e9', '2018-05-19', '16:14:00', '18:11:00', '4c2566af2da74ff0afac946957113b45', 'a0c9f553265340a785e54b7d1d824342', '519', 'admin', '2018-05-18 16:14:59', null, null, null, '0');
INSERT INTO `theater_arrange` VALUES ('6250f8009f144859b2579831795013da', '2018-05-20', '14:00:00', '15:45:00', '4c2566af2da74ff0afac946957113b45', 'a0c9f553265340a785e54b7d1d824342', '521', 'super', '2018-05-18 17:01:50', null, null, null, '0');
INSERT INTO `theater_arrange` VALUES ('6a203878cfea41b39edd6eada84e4f08', '2018-05-20', '16:20:00', '17:58:00', '4c2566af2da74ff0afac946957113b45', 'a0c9f553265340a785e54b7d1d824342', '499', 'super', '2018-05-18 18:16:15', null, null, null, '0');
INSERT INTO `theater_arrange` VALUES ('7f67bef204174598b694687cbb193003', '2018-05-11', '15:00:00', '16:45:00', '5c6aed2c3b884e50b074c2350c165e7c', 'a0c9f553265340a785e54b7d1d824342', '521', 'super', '2018-05-10 14:37:12', null, null, '放映安排已失效', '2');
INSERT INTO `theater_arrange` VALUES ('7f73531458374372adb3d0c5fcd77b13', '2018-05-20', '10:30:00', '12:46:00', '4c2566af2da74ff0afac946957113b45', 'a0c9f553265340a785e54b7d1d824342', '296', 'super', '2018-05-18 19:39:43', null, null, null, '0');
INSERT INTO `theater_arrange` VALUES ('86ad12a42355486e9cf53460d141c5d1', '2018-05-15', '15:00:00', '16:26:00', '4dbcb1ea9cde4f8f9f40d3629096c432', '34981f371d284163a1be2f7bbf641270', '520', 'super', '2018-05-14 14:35:49', null, null, '影片放映前两小时还没有到达指定比例的拼单取消该时间段放映安排', '2');
INSERT INTO `theater_arrange` VALUES ('9b257d12bfb3405c8abd899f8b0aee4b', '2018-05-16', '17:00:00', '19:09:00', 'c2cd6b3fde7d445fadd7cc13008f156a', 'a0c9f553265340a785e54b7d1d824342', '305', 'super', '2018-05-15 16:52:17', null, '2018-05-16 15:03:00', '放映安排已失效', '2');
INSERT INTO `theater_arrange` VALUES ('9f3ffe10f7234cdb8814e9f57b58f098', '2018-05-14', '17:10:00', '18:55:00', '4c2566af2da74ff0afac946957113b45', 'a0c9f553265340a785e54b7d1d824342', '521', 'super', '2018-05-12 12:57:25', null, null, '影片放映前两小时还没有到达指定比例的拼单取消该时间段放映安排', '2');
INSERT INTO `theater_arrange` VALUES ('a0fb4cab68894d83b914bf426d23bfed', '2018-05-21', '17:01:00', '18:46:00', '4c2566af2da74ff0afac946957113b45', 'a0c9f553265340a785e54b7d1d824342', '521', 'super', '2018-05-18 17:01:37', null, null, null, '0');
INSERT INTO `theater_arrange` VALUES ('a58623f5f9ab4333ac338551ece9a481', '2018-05-11', '14:40:00', '16:06:00', '4c2566af2da74ff0afac946957113b45', 'a0c9f553265340a785e54b7d1d824342', '520', 'super', '2018-05-10 14:33:19', null, null, '放映安排已失效', '2');
INSERT INTO `theater_arrange` VALUES ('b0fa24d55388460d8e210db0f2c50039', '2018-05-13', '10:10:00', '12:28:00', '5c6aed2c3b884e50b074c2350c165e7c', 'a0c9f553265340a785e54b7d1d824342', '504', 'super', '2018-05-12 12:56:38', null, null, '放映安排已失效', '2');
INSERT INTO `theater_arrange` VALUES ('bb18193fb80340bea875f56b7738247a', '2018-05-15', '14:31:00', '16:28:00', '4c2566af2da74ff0afac946957113b45', 'a0c9f553265340a785e54b7d1d824342', '519', 'super', '2018-05-14 14:33:11', null, '2018-05-15 14:33:00', '放映安排已失效', '2');
INSERT INTO `theater_arrange` VALUES ('c6d9464e4c0e414098800c1784d3481f', '2018-05-14', '10:00:00', '12:18:00', '4dbcb1ea9cde4f8f9f40d3629096c432', 'a0c9f553265340a785e54b7d1d824342', '504', 'super', '2018-05-12 12:56:23', null, null, '放映安排已失效', '2');
INSERT INTO `theater_arrange` VALUES ('db80bb5715d34dfa81fd07889ba816f2', '2018-05-21', '13:10:00', '15:07:00', '5c6aed2c3b884e50b074c2350c165e7c', 'a0c9f553265340a785e54b7d1d824342', '519', 'admin', '2018-05-18 16:15:27', null, null, null, '0');
INSERT INTO `theater_arrange` VALUES ('ec931eacf12b429183fa50461cd474b8', '2018-05-20', '19:30:00', '21:46:00', '4c2566af2da74ff0afac946957113b45', 'a0c9f553265340a785e54b7d1d824342', '296', 'super', '2018-05-18 19:33:34', null, null, null, '0');
INSERT INTO `theater_arrange` VALUES ('f08da9613844416ebbf6e4ad9e7b7aaa', '2018-05-19', '19:09:00', '20:47:00', '4c2566af2da74ff0afac946957113b45', 'a0c9f553265340a785e54b7d1d824342', '499', 'super', '2018-05-18 19:09:45', null, null, null, '0');
INSERT INTO `theater_arrange` VALUES ('f729904cc77c4e4193f5bae300dac1db', '2018-05-19', '13:00:00', '14:45:00', '4c2566af2da74ff0afac946957113b45', 'a0c9f553265340a785e54b7d1d824342', '521', 'super', '2018-05-18 17:02:06', null, null, null, '0');
INSERT INTO `theater_arrange` VALUES ('fceffcf99c3b4ec99be270b2412d47ca', '2018-05-19', '17:59:00', '20:07:00', '4dbcb1ea9cde4f8f9f40d3629096c432', 'a0c9f553265340a785e54b7d1d824342', '500', 'super', '2018-05-18 18:00:06', null, null, null, '0');

-- ----------------------------
-- Table structure for video_hall
-- ----------------------------
DROP TABLE IF EXISTS `video_hall`;
CREATE TABLE `video_hall` (
  `id` varchar(64) NOT NULL,
  `hall_name` varchar(64) default NULL COMMENT '放映厅名称',
  `hall_row` decimal(3,0) default '6' COMMENT '影厅规格：行',
  `hall_col` decimal(3,0) default '6' COMMENT '影厅规格：列',
  `create_by` varchar(64) default NULL,
  `create_date` datetime default NULL,
  `update_by` varchar(64) default NULL,
  `update_date` datetime default NULL,
  `remarks` varchar(255) default NULL COMMENT '备注',
  `del_flag` char(1) NOT NULL default '0' COMMENT '作废标记',
  PRIMARY KEY  (`id`)
) ENGINE=InnoDB DEFAULT CHARSET=utf8;

-- ----------------------------
-- Records of video_hall
-- ----------------------------
INSERT INTO `video_hall` VALUES ('3bc3aff5cfa94cba92559aeda17d97e0', '5号厅', '5', '6', 'w', '2018-03-22 15:30:38', null, null, null, '0');
INSERT INTO `video_hall` VALUES ('4c2566af2da74ff0afac946957113b45', '1号厅', '5', '6', 'w', '2018-02-14 14:34:37', null, null, null, '0');
INSERT INTO `video_hall` VALUES ('4dbcb1ea9cde4f8f9f40d3629096c432', '3号厅', '6', '6', 'w', '2018-02-14 14:32:49', null, null, null, '0');
INSERT INTO `video_hall` VALUES ('5c22ee4c6f814e39ab009c46734db05d', '9号厅', '7', '8', 'w', '2018-04-13 20:58:27', null, null, null, '0');
INSERT INTO `video_hall` VALUES ('5c6aed2c3b884e50b074c2350c165e7c', '2号厅', '6', '6', 'w', '2018-02-14 14:34:40', null, null, null, '0');
INSERT INTO `video_hall` VALUES ('85c2c8dc5d9744e9ab38ca0509e7456c', '7号厅', '5', '5', 'w', '2018-04-13 19:59:43', 'super', '2018-05-09 15:32:24', null, '1');
INSERT INTO `video_hall` VALUES ('c2cd6b3fde7d445fadd7cc13008f156a', '4号厅', '5', '5', 'super', '2018-05-15 16:51:55', null, null, null, '0');
INSERT INTO `video_hall` VALUES ('e1d379eb60924a078da2f161e3432acc', '4号厅', '6', '6', 'w', '2018-02-14 15:11:54', 'super', '2018-05-15 16:50:54', null, '1');
INSERT INTO `video_hall` VALUES ('e503c7499d104296b2d611a9a079ba7d', '6号厅', '6', '5', 'w', '2018-03-22 15:34:23', null, null, null, '0');
